channel_id,uploads,category,country,age,subscribers,highest_yearly_earnings,growth_target,event_timestamp
channel-0,20082,Music,India,20,245000000,108400000.0,2000000.0,2026-02-18T15:02:33+00:00
channel-1,1,Film & Animation,United States,20,170000000,0.58,0.0,2026-02-18T15:02:33+00:00
channel-2,741,Entertainment,United States,14,166000000,64700000.0,8000000.0,2026-02-18T15:02:33+00:00
channel-3,966,Education,United States,20,162000000,94800000.0,1000000.0,2026-02-18T15:02:33+00:00
channel-4,116536,Shows,India,20,159000000,87500000.0,1000000.0,2026-02-18T15:02:33+00:00
channel-5,0,Unknown,Unknown,13,119000000,0.0,0.0,2026-02-18T15:02:33+00:00
channel-6,1111,People & Blogs,United States,11,112000000,35100000.0,0.0,2026-02-18T15:02:33+00:00
channel-7,4716,Gaming,Japan,16,111000000,1900000.0,0.0,2026-02-18T15:02:33+00:00
channel-8,493,People & Blogs,Russia,10,106000000,2300000.0,100000.0,2026-02-18T15:02:33+00:00
channel-9,574,Entertainment,United States,8,98900000,27900000.0,600000.0,2026-02-18T15:02:33+00:00
channel-10,8548,Music,India,12,96700000,38600000.0,1100000.0,2026-02-18T15:02:33+00:00
channel-11,70127,Sports,United States,19,96000000,34300000.0,600000.0,2026-02-18T15:02:33+00:00
channel-12,0,Unknown,Unknown,13,93600000,0.0,0.0,2026-02-18T15:02:33+00:00
channel-13,543,People & Blogs,South Korea,10,89800000,23900000.0,700000.0,2026-02-18T15:02:33+00:00
channel-14,1,Film & Animation,Unknown,20,86900000,0.86,0.0,2026-02-18T15:02:33+00:00
channel-15,71270,Shows,India,19,83000000,79600000.0,1100000.0,2026-02-18T15:02:33+00:00
channel-16,1,Howto & Style,United Kingdom,6,80100000,0.05,0.0,2026-02-18T15:02:33+00:00
channel-17,2281,Music,South Korea,14,75600000,8100000.0,400000.0,2026-02-18T15:02:33+00:00
channel-18,3,Unknown,United States,20,75000000,0.77,0.0,2026-02-18T15:02:33+00:00
channel-19,249,Music,Canada,19,71600000,8500000.0,100000.0,2026-02-18T15:02:33+00:00
channel-20,1337,Music,South Korea,18,71300000,28700000.0,900000.0,2026-02-18T15:02:33+00:00
channel-21,129204,Entertainment,India,21,70500000,81900000.0,900000.0,2026-02-18T15:02:33+00:00
channel-22,2865,Education,United States,15,68200000,22700000.0,600000.0,2026-02-18T15:02:33+00:00
channel-23,2572,Music,Brazil,14,66500000,0.0,0.0,2026-02-18T15:02:33+00:00
channel-24,633,Education,India,13,65900000,20200000.0,500000.0,2026-02-18T15:02:33+00:00
channel-25,8502,Music,India,16,65600000,12200000.0,400000.0,2026-02-18T15:02:33+00:00
channel-26,112915,Shows,India,18,64600000,57000000.0,1100000.0,2026-02-18T15:02:33+00:00
channel-27,13,Music,India,8,61000000,0.48,0.0,2026-02-18T15:02:33+00:00
channel-28,389,Sports,United States,17,59500000,6800000.0,100000.0,2026-02-18T15:02:33+00:00
channel-29,39113,Film & Animation,United States,20,59500000,5500000.0,100000.0,2026-02-18T15:02:33+00:00
channel-30,4741,Music,India,19,59300000,20300000.0,600000.0,2026-02-18T15:02:33+00:00
channel-31,1510,Music,Argentina,15,58400000,29400000.0,600000.0,2026-02-18T15:02:33+00:00
channel-32,19487,Music,India,12,58000000,11100000.0,500000.0,2026-02-18T15:02:33+00:00
channel-33,283775,News & Politics,India,17,57600000,22100000.0,500000.0,2026-02-18T15:02:33+00:00
channel-34,3882,Music,India,17,57200000,12400000.0,300000.0,2026-02-18T15:02:33+00:00
channel-35,156,Music,United States,19,56900000,12500000.0,300000.0,2026-02-18T15:02:33+00:00
channel-36,436,Entertainment,United States,11,56400000,5400000.0,100000.0,2026-02-18T15:02:33+00:00
channel-37,3707,Film & Animation,India,20,54600000,24600000.0,500000.0,2026-02-18T15:02:33+00:00
channel-38,11,Music,Unknown,10,54000000,8.0,0.0,2026-02-18T15:02:33+00:00
channel-39,383,Music,United Kingdom,20,53500000,9700000.0,100000.0,2026-02-18T15:02:33+00:00
channel-40,577,Education,India,12,53300000,39200000.0,1600000.0,2026-02-18T15:02:33+00:00
channel-41,216,Music,United States,20,52900000,25400000.0,800000.0,2026-02-18T15:02:33+00:00
channel-42,147,Music,United States,19,52700000,7700000.0,100000.0,2026-02-18T15:02:33+00:00
channel-43,847,Education,United States,13,52200000,12800000.0,600000.0,2026-02-18T15:02:33+00:00
channel-44,2052,Gaming,Chile,13,48100000,3200000.0,200000.0,2026-02-18T15:02:33+00:00
channel-45,65,Music,United States,13,47900000,7000000.0,200000.0,2026-02-18T15:02:33+00:00
channel-46,3322,Entertainment,Russia,20,47500000,14700000.0,700000.0,2026-02-18T15:02:33+00:00
channel-47,11451,Entertainment,India,19,47400000,11200000.0,500000.0,2026-02-18T15:02:33+00:00
channel-48,1,Entertainment,Unknown,19,46800000,21.0,75.0,2026-02-18T15:02:33+00:00
channel-49,3444,Music,United States,17,46600000,15100000.0,400000.0,2026-02-18T15:02:33+00:00
channel-50,1,Gaming,Cuba,20,46300000,5.0,10.0,2026-02-18T15:02:33+00:00
channel-51,1,Music,Unknown,21,46100000,0.05,0.0,2026-02-18T15:02:33+00:00
channel-52,543,Gaming,El Salvador,15,46100000,1600000.0,200000.0,2026-02-18T15:02:33+00:00
channel-53,4660,Entertainment,India,10,45500000,11200000.0,400000.0,2026-02-18T15:02:33+00:00
channel-54,4331,Entertainment,Brazil,20,45200000,6300000.0,200000.0,2026-02-18T15:02:33+00:00
channel-55,1558,Entertainment,Brazil,13,44700000,2300000.0,100000.0,2026-02-18T15:02:33+00:00
channel-56,100755,Entertainment,Pakistan,18,44600000,64200000.0,1300000.0,2026-02-18T15:02:33+00:00
channel-57,0,Howto & Style,Unknown,21,44500000,0.0,1.0,2026-02-18T15:02:33+00:00
channel-58,128,Music,United States,18,44200000,6400000.0,100000.0,2026-02-18T15:02:33+00:00
channel-59,558,Comedy,Brazil,13,44200000,1300000.0,0.0,2026-02-18T15:02:33+00:00
channel-60,193890,People & Blogs,Philippines,18,44200000,8500000.0,300000.0,2026-02-18T15:02:33+00:00
channel-61,8,Music,Thailand,20,43700000,1.0,0.0,2026-02-18T15:02:33+00:00
channel-62,6,Entertainment,Unknown,10,43600000,0.19,0.0,2026-02-18T15:02:33+00:00
channel-63,326,People & Blogs,Colombia,21,43500000,17000000.0,500000.0,2026-02-18T15:02:33+00:00
channel-64,1478,Film & Animation,Russia,15,43200000,14600000.0,300000.0,2026-02-18T15:02:33+00:00
channel-65,109871,Entertainment,Pakistan,10,43200000,55200000.0,900000.0,2026-02-18T15:02:33+00:00
channel-66,10938,Music,India,14,42500000,7700000.0,100000.0,2026-02-18T15:02:33+00:00
channel-67,1218,Shows,United States,12,42400000,32200000.0,1000000.0,2026-02-18T15:02:33+00:00
channel-68,618,Entertainment,United States,9,42400000,2600000.0,0.0,2026-02-18T15:02:33+00:00
channel-69,84,Entertainment,Barbados,21,41900000,8800000.0,100000.0,2026-02-18T15:02:33+00:00
channel-70,4510,Trailers,India,21,41400000,8700000.0,400000.0,2026-02-18T15:02:33+00:00
channel-71,291,People & Blogs,Mexico,10,41300000,6600000.0,400000.0,2026-02-18T15:02:33+00:00
channel-72,2423,Education,United States,15,40900000,4700000.0,100000.0,2026-02-18T15:02:33+00:00
channel-73,0,Comedy,Mexico,16,40600000,0.0,0.0,2026-02-18T15:02:33+00:00
channel-74,703,Gaming,Unknown,15,40400000,277100.0,0.0,2026-02-18T15:02:33+00:00
channel-75,4,Entertainment,Unknown,8,40300000,0.24,0.0,2026-02-18T15:02:33+00:00
channel-76,1596,People & Blogs,United Arab Emirates,9,39700000,11900000.0,300000.0,2026-02-18T15:02:33+00:00
channel-77,1,People & Blogs,Unknown,5,39400000,0.1,0.0,2026-02-18T15:02:33+00:00
channel-78,186,Comedy,India,12,39200000,3800000.0,700000.0,2026-02-18T15:02:33+00:00
channel-79,133,Music,United States,11,39200000,2800000.0,100000.0,2026-02-18T15:02:33+00:00
channel-80,744,Education,Canada,20,39200000,26900000.0,400000.0,2026-02-18T15:02:33+00:00
channel-81,1876,Gaming,Spain,11,39100000,12700000.0,800000.0,2026-02-18T15:02:33+00:00
channel-82,72580,Entertainment,Thailand,14,39000000,6300000.0,200000.0,2026-02-18T15:02:33+00:00
channel-83,3043,Music,Brazil,12,38900000,78500000.0,100000.0,2026-02-18T15:02:33+00:00
channel-84,200933,Nonprofits & Activism,United States,17,38600000,2200000.0,100000.0,2026-02-18T15:02:33+00:00
channel-85,982,People & Blogs,Saudi Arabia,8,38400000,76300.0,2000.0,2026-02-18T15:02:33+00:00
channel-86,3532,Music,India,11,38300000,39100000.0,400000.0,2026-02-18T15:02:33+00:00
channel-87,11,Music,United States,10,38200000,305.0,100.0,2026-02-18T15:02:33+00:00
channel-88,15672,Entertainment,United States,20,38200000,1000000.0,0.0,2026-02-18T15:02:33+00:00
channel-89,24089,Shows,India,12,38200000,20000000.0,500000.0,2026-02-18T15:02:33+00:00
channel-90,505,Music,United States,15,38000000,9900000.0,100000.0,2026-02-18T15:02:33+00:00
channel-91,515,Unknown,United States,8,37900000,11700000.0,200000.0,2026-02-18T15:02:33+00:00
channel-92,743,Entertainment,United States,9,37600000,15400000.0,700000.0,2026-02-18T15:02:33+00:00
channel-93,117152,Entertainment,Thailand,13,37500000,6800000.0,300000.0,2026-02-18T15:02:33+00:00
channel-94,220,Comedy,India,9,37200000,2400000.0,100000.0,2026-02-18T15:02:33+00:00
channel-95,301308,People & Blogs,India,14,37000000,12800000.0,400000.0,2026-02-18T15:02:33+00:00
channel-96,744,People & Blogs,Brazil,11,37000000,12100000.0,300000.0,2026-02-18T15:02:33+00:00
channel-97,99,Music,United States,20,36700000,8400000.0,200000.0,2026-02-18T15:02:33+00:00
channel-98,171,Music,United States,20,36600000,7300000.0,0.0,2026-02-18T15:02:33+00:00
channel-99,9168,Trailers,India,17,36600000,0.0,200000.0,2026-02-18T15:02:33+00:00
channel-100,5621,Film & Animation,Unknown,12,36500000,15300000.0,600000.0,2026-02-18T15:02:33+00:00
channel-101,744,News & Politics,United States,56,36300000,1000000.0,300000.0,2026-02-18T15:02:33+00:00
channel-102,0,Unknown,Unknown,13,36300000,0.0,0.0,2026-02-18T15:02:33+00:00
channel-103,196,Music,Unknown,10,36200000,8100000.0,100000.0,2026-02-18T15:02:33+00:00
channel-104,5,Gaming,Unknown,15,36100000,2.0,1.0,2026-02-18T15:02:33+00:00
channel-105,654,Music,Argentina,13,35700000,14500000.0,400000.0,2026-02-18T15:02:33+00:00
channel-106,7566,Entertainment,India,13,35500000,25600000.0,900000.0,2026-02-18T15:02:33+00:00
channel-107,273255,News & Politics,India,20,35500000,14000000.0,600000.0,2026-02-18T15:02:33+00:00
channel-108,2010,Music,India,14,35400000,15900000.0,500000.0,2026-02-18T15:02:33+00:00
channel-109,1,Gaming,Unknown,20,35400000,3.0,2.0,2026-02-18T15:02:33+00:00
channel-110,5490,Gaming,United States,14,35200000,6100000.0,100000.0,2026-02-18T15:02:33+00:00
channel-111,2453,Entertainment,United States,11,35200000,11500000.0,200000.0,2026-02-18T15:02:33+00:00
channel-112,617,Education,United States,10,34900000,16100000.0,300000.0,2026-02-18T15:02:33+00:00
channel-113,0,Music,Unknown,6,34600000,0.0,0.0,2026-02-18T15:02:33+00:00
channel-114,1,Gaming,Unknown,16,34400000,4.0,3.0,2026-02-18T15:02:33+00:00
channel-115,679,Music,India,10,34300000,4900000.0,100000.0,2026-02-18T15:02:33+00:00
channel-116,141,Music,Colombia,15,34100000,6200000.0,100000.0,2026-02-18T15:02:33+00:00
channel-117,2284,Entertainment,Indonesia,9,34000000,26300000.0,5500000.0,2026-02-18T15:02:33+00:00
channel-118,240,Film & Animation,India,13,34000000,8600000.0,600000.0,2026-02-18T15:02:33+00:00
channel-119,7606,Gaming,Spain,18,33800000,1900000.0,0.0,2026-02-18T15:02:33+00:00
channel-120,66,Film & Animation,Brazil,20,33800000,19400000.0,200000.0,2026-02-18T15:02:33+00:00
channel-121,3366,Gaming,United States,13,33700000,10100000.0,200000.0,2026-02-18T15:02:33+00:00
channel-122,2,Music,Unknown,8,33700000,0.0,0.0,2026-02-18T15:02:33+00:00
channel-123,188,Film & Animation,United States,18,33600000,5600000.0,200000.0,2026-02-18T15:02:33+00:00
channel-124,3741,Music,India,20,33500000,13100000.0,500000.0,2026-02-18T15:02:33+00:00
channel-125,96214,Entertainment,Thailand,12,33500000,0.0,100000.0,2026-02-18T15:02:33+00:00
channel-126,217,Comedy,India,13,33500000,1200000.0,100000.0,2026-02-18T15:02:33+00:00
channel-127,1331,Music,United Kingdom,15,33400000,2700000.0,0.0,2026-02-18T15:02:33+00:00
channel-128,338,Education,India,18,33400000,6500000.0,200000.0,2026-02-18T15:02:33+00:00
channel-129,2736,People & Blogs,Indonesia,10,33300000,7500000.0,1900000.0,2026-02-18T15:02:33+00:00
channel-130,2122,Education,United States,10,32800000,6100000.0,200000.0,2026-02-18T15:02:33+00:00
channel-131,1521,Entertainment,India,14,32700000,972600.0,40000.0,2026-02-18T15:02:33+00:00
channel-132,2738,Unknown,Turkey,14,32700000,70200000.0,2100000.0,2026-02-18T15:02:33+00:00
channel-133,2068,Music,United States,16,32700000,15800000.0,300000.0,2026-02-18T15:02:33+00:00
channel-134,169,Music,Canada,15,32600000,17900000.0,200000.0,2026-02-18T15:02:33+00:00
channel-135,2,Film & Animation,Unknown,20,32200000,0.05,0.0,2026-02-18T15:02:33+00:00
channel-136,134,Music,Colombia,13,32100000,22400000.0,300000.0,2026-02-18T15:02:33+00:00
channel-137,3091,Shows,United Kingdom,20,32100000,2700000.0,100000.0,2026-02-18T15:02:33+00:00
channel-138,11882,Gaming,Brazil,14,32100000,2100000.0,0.0,2026-02-18T15:02:33+00:00
channel-139,44892,Entertainment,India,20,32000000,80000000.0,1200000.0,2026-02-18T15:02:33+00:00
channel-140,4158,Music,Unknown,20,31900000,11200000.0,100000.0,2026-02-18T15:02:33+00:00
channel-141,93311,Entertainment,Philippines,20,31900000,38300000.0,500000.0,2026-02-18T15:02:33+00:00
channel-142,6734,Howto & Style,Mexico,9,31800000,1500000.0,0.0,2026-02-18T15:02:33+00:00
channel-143,929,Science & Technology,India,14,31700000,5200000.0,500000.0,2026-02-18T15:02:33+00:00
channel-144,6518,Music,India,14,31700000,5400000.0,200000.0,2026-02-18T15:02:33+00:00
channel-145,166,Entertainment,United States,8,31700000,7400000.0,200000.0,2026-02-18T15:02:33+00:00
channel-146,116,Gaming,United States,12,31700000,1300000.0,200000.0,2026-02-18T15:02:33+00:00
channel-147,1321,Entertainment,United States,15,31600000,15000000.0,400000.0,2026-02-18T15:02:33+00:00
channel-148,204,Music,United States,17,31600000,5000000.0,0.0,2026-02-18T15:02:33+00:00
channel-149,0,Entertainment,Unknown,20,31400000,0.0,0.0,2026-02-18T15:02:33+00:00
channel-150,3589,Film & Animation,United Kingdom,13,31400000,11800000.0,300000.0,2026-02-18T15:02:33+00:00
channel-151,65,People & Blogs,Venezuela,8,31200000,172.0,100.0,2026-02-18T15:02:33+00:00
channel-152,8976,Comedy,United States,20,31200000,0.0,100000.0,2026-02-18T15:02:33+00:00
channel-153,3027,Entertainment,Argentina,11,31200000,9200000.0,1900000.0,2026-02-18T15:02:33+00:00
channel-154,92,Music,United States,17,30700000,9100000.0,100000.0,2026-02-18T15:02:33+00:00
channel-155,578,Unknown,United States,10,30700000,4900000.0,200000.0,2026-02-18T15:02:33+00:00
channel-156,67,Comedy,India,10,30700000,1500000.0,300000.0,2026-02-18T15:02:33+00:00
channel-157,180092,News & Politics,India,19,30500000,22200000.0,600000.0,2026-02-18T15:02:33+00:00
channel-158,641,Gaming,Kuwait,10,30500000,7600000.0,1300000.0,2026-02-18T15:02:33+00:00
channel-159,2197,Entertainment,Indonesia,12,30400000,1000000.0,0.0,2026-02-18T15:02:33+00:00
channel-160,2725,Music,United States,14,30400000,2200000.0,0.0,2026-02-18T15:02:33+00:00
channel-161,532,Unknown,United States,8,30400000,5900000.0,300000.0,2026-02-18T15:02:33+00:00
channel-162,223,Entertainment,United States,14,30300000,1100000.0,0.0,2026-02-18T15:02:33+00:00
channel-163,15,Music,United Kingdom,18,30200000,6600000.0,100000.0,2026-02-18T15:02:33+00:00
channel-164,2,Comedy,United States,18,30200000,0.0,0.0,2026-02-18T15:02:33+00:00
channel-165,3254,Entertainment,Jordan,18,30200000,5600000.0,100000.0,2026-02-18T15:02:33+00:00
channel-166,0,Gaming,Unknown,20,30100000,0.0,6.0,2026-02-18T15:02:33+00:00
channel-167,11501,Music,Netherlands,19,30100000,4800000.0,100000.0,2026-02-18T15:02:33+00:00
channel-168,1349,Education,United States,11,30100000,5200000.0,0.0,2026-02-18T15:02:33+00:00
channel-169,5114,Gaming,Unknown,19,30100000,1900000.0,100000.0,2026-02-18T15:02:33+00:00
channel-170,133,Music,Canada,15,30000000,4300000.0,0.0,2026-02-18T15:02:33+00:00
channel-171,151,Comedy,India,17,29800000,1300000.0,100000.0,2026-02-18T15:02:33+00:00
channel-172,4903,Music,United States,20,29600000,3900000.0,0.0,2026-02-18T15:02:33+00:00
channel-173,3,Unknown,Unknown,9,29300000,0.05,0.0,2026-02-18T15:02:33+00:00
channel-174,14,Music,Argentina,11,29300000,0.72,0.0,2026-02-18T15:02:33+00:00
channel-175,1513,Entertainment,United States,11,29200000,0.0,1000000.0,2026-02-18T15:02:33+00:00
channel-176,3654,Comedy,Brazil,14,29200000,14500000.0,1000000.0,2026-02-18T15:02:33+00:00
channel-177,404,Comedy,Spain,20,29200000,582900.0,0.0,2026-02-18T15:02:33+00:00
channel-178,42,Comedy,Unknown,5,29000000,2900.0,151.0,2026-02-18T15:02:33+00:00
channel-179,555,Education,India,12,28900000,5300000.0,200000.0,2026-02-18T15:02:33+00:00
channel-180,0,Music,Unknown,16,28500000,0.0,0.0,2026-02-18T15:02:33+00:00
channel-181,5809,Entertainment,United States,20,28400000,1300000.0,0.0,2026-02-18T15:02:33+00:00
channel-182,5436,Movies,India,14,28400000,10900000.0,500000.0,2026-02-18T15:02:33+00:00
channel-183,6,Film & Animation,Unknown,7,28300000,0.1,0.0,2026-02-18T15:02:33+00:00
channel-184,505,Education,India,12,28300000,13800000.0,800000.0,2026-02-18T15:02:33+00:00
channel-185,106983,Entertainment,Pakistan,15,28300000,32900000.0,700000.0,2026-02-18T15:02:33+00:00
channel-186,3009,Entertainment,India,15,28200000,8900000.0,500000.0,2026-02-18T15:02:33+00:00
channel-187,15,Music,United States,21,28200000,7600000.0,200000.0,2026-02-18T15:02:33+00:00
channel-188,3,Music,Unknown,21,28100000,1.0,1.0,2026-02-18T15:02:33+00:00
channel-189,3878,Film & Animation,Unknown,10,28000000,6200000.0,400000.0,2026-02-18T15:02:33+00:00
channel-190,0,People & Blogs,Singapore,18,27800000,0.0,1.0,2026-02-18T15:02:33+00:00
channel-191,292,Music,Australia,13,27800000,6100000.0,0.0,2026-02-18T15:02:33+00:00
channel-192,619,Music,Colombia,17,27700000,8300000.0,200000.0,2026-02-18T15:02:33+00:00
channel-193,27,People & Blogs,United States,15,27500000,0.0,0.0,2026-02-18T15:02:33+00:00
channel-194,682,Music,United States,18,27500000,4300000.0,100000.0,2026-02-18T15:02:33+00:00
channel-195,1753,Music,South Korea,18,27400000,14800000.0,200000.0,2026-02-18T15:02:33+00:00
channel-196,642,People & Blogs,United States,11,27400000,8400000.0,400000.0,2026-02-18T15:02:33+00:00
channel-197,3664,Gaming,United Kingdom,14,27400000,3800000.0,500000.0,2026-02-18T15:02:33+00:00
channel-198,5438,Film & Animation,United States,14,27300000,2000000.0,200000.0,2026-02-18T15:02:33+00:00
channel-199,1259,Entertainment,India,9,27300000,4900000.0,100000.0,2026-02-18T15:02:33+00:00
channel-200,2,Entertainment,Unknown,9,27100000,0.67,0.0,2026-02-18T15:02:33+00:00
channel-201,889,Entertainment,India,11,27100000,20600000.0,700000.0,2026-02-18T15:02:33+00:00
channel-202,545,Howto & Style,Unknown,8,27100000,24100000.0,1300000.0,2026-02-18T15:02:33+00:00
channel-203,554,Comedy,United States,17,27000000,6900000.0,300000.0,2026-02-18T15:02:33+00:00
channel-204,3956,Entertainment,Brazil,15,26900000,4000000.0,200000.0,2026-02-18T15:02:33+00:00
channel-205,241,People & Blogs,United States,10,26700000,13300000.0,1200000.0,2026-02-18T15:02:33+00:00
channel-206,975,Comedy,Colombia,15,26700000,1200000.0,0.0,2026-02-18T15:02:33+00:00
channel-207,6471,Entertainment,United States,14,26700000,5700000.0,200000.0,2026-02-18T15:02:33+00:00
channel-208,10022,News & Politics,Philippines,10,26500000,7800000.0,300000.0,2026-02-18T15:02:33+00:00
channel-209,6873,Music,United States,18,26500000,4300000.0,0.0,2026-02-18T15:02:33+00:00
channel-210,3622,Film & Animation,India,11,26400000,4800000.0,400000.0,2026-02-18T15:02:33+00:00
channel-211,865,Comedy,United States,6,26400000,50200000.0,1300000.0,2026-02-18T15:02:33+00:00
channel-212,967,Entertainment,Italy,6,26400000,58800000.0,2000000.0,2026-02-18T15:02:33+00:00
channel-213,190,Entertainment,India,11,26300000,828600.0,0.0,2026-02-18T15:02:33+00:00
channel-214,775,Unknown,United States,7,26200000,23400000.0,200000.0,2026-02-18T15:02:33+00:00
channel-215,5985,Entertainment,Japan,6,26200000,34600000.0,1100000.0,2026-02-18T15:02:33+00:00
channel-216,1619,Comedy,United States,21,26100000,3300000.0,400000.0,2026-02-18T15:02:33+00:00
channel-217,0,Entertainment,Saudi Arabia,7,26100000,0.0,0.0,2026-02-18T15:02:33+00:00
channel-218,868,People & Blogs,Unknown,8,26000000,29100000.0,1100000.0,2026-02-18T15:02:33+00:00
channel-219,240,Music,United States,21,26000000,2700000.0,0.0,2026-02-18T15:02:33+00:00
channel-220,1,Music,Unknown,18,26000000,0.14,3.0,2026-02-18T15:02:33+00:00
channel-221,65286,Music,Indonesia,13,25900000,11000000.0,600000.0,2026-02-18T15:02:33+00:00
channel-222,1762,Gaming,Canada,15,25800000,2600000.0,0.0,2026-02-18T15:02:33+00:00
channel-223,749,Music,United States,17,25700000,7900000.0,100000.0,2026-02-18T15:02:33+00:00
channel-224,982,People & Blogs,Mexico,14,25700000,1500000.0,0.0,2026-02-18T15:02:33+00:00
channel-225,42,Music,United States,13,25700000,5000000.0,100000.0,2026-02-18T15:02:33+00:00
channel-226,0,Howto & Style,Unknown,7,25600000,0.0,2.0,2026-02-18T15:02:33+00:00
channel-227,287,Music,United States,17,25600000,15300000.0,100000.0,2026-02-18T15:02:33+00:00
channel-228,5,Film & Animation,Unknown,20,25500000,0.96,4.0,2026-02-18T15:02:33+00:00
channel-229,78,Music,United States,15,25500000,9400000.0,100000.0,2026-02-18T15:02:33+00:00
channel-230,3716,People & Blogs,Indonesia,11,25400000,2800000.0,100000.0,2026-02-18T15:02:33+00:00
channel-231,8775,Comedy,United States,10,25400000,39100000.0,600000.0,2026-02-18T15:02:33+00:00
channel-232,398,Music,United Kingdom,16,25300000,9500000.0,100000.0,2026-02-18T15:02:33+00:00
channel-233,4,People & Blogs,Unknown,7,25200000,0.53,0.0,2026-02-18T15:02:33+00:00
channel-234,2025,People & Blogs,United States,11,25200000,6700000.0,300000.0,2026-02-18T15:02:33+00:00
channel-235,12,People & Blogs,Unknown,12,25200000,0.1,0.0,2026-02-18T15:02:33+00:00
channel-236,0,Music,Unknown,13,25200000,0.0,0.0,2026-02-18T15:02:33+00:00
channel-237,51129,News & Politics,India,11,25200000,13100000.0,300000.0,2026-02-18T15:02:33+00:00
channel-238,118,Music,United States,17,25100000,4500000.0,0.0,2026-02-18T15:02:33+00:00
channel-239,24837,Music,Canada,19,25100000,2400000.0,0.0,2026-02-18T15:02:33+00:00
channel-240,89179,Entertainment,Indonesia,12,25000000,5900000.0,100000.0,2026-02-18T15:02:33+00:00
channel-241,147,Music,Colombia,10,25000000,13600000.0,300000.0,2026-02-18T15:02:33+00:00
channel-242,1644,Entertainment,United Kingdom,11,24800000,15900000.0,500000.0,2026-02-18T15:02:33+00:00
channel-243,672,Howto & Style,Mexico,17,24800000,16100.0,0.0,2026-02-18T15:02:33+00:00
channel-244,1894,Entertainment,United States,20,24800000,6500000.0,400000.0,2026-02-18T15:02:33+00:00
channel-245,872,People & Blogs,Unknown,6,24800000,19200000.0,900000.0,2026-02-18T15:02:33+00:00
channel-246,104,Music,United States,17,24700000,6700000.0,100000.0,2026-02-18T15:02:33+00:00
channel-247,412,Howto & Style,Australia,15,24700000,1100000.0,0.0,2026-02-18T15:02:33+00:00
channel-248,175,Music,United States,17,24600000,4300000.0,100000.0,2026-02-18T15:02:33+00:00
channel-249,120,Science & Technology,United States,15,24600000,4300000.0,200000.0,2026-02-18T15:02:33+00:00
channel-250,18950,Music,South Korea,15,24500000,5100000.0,0.0,2026-02-18T15:02:33+00:00
channel-251,658,Entertainment,United States,8,24400000,8200000.0,400000.0,2026-02-18T15:02:33+00:00
channel-252,17,Entertainment,Unknown,17,24300000,0.24,0.0,2026-02-18T15:02:33+00:00
channel-253,1667,Film & Animation,India,12,24300000,4600000.0,300000.0,2026-02-18T15:02:33+00:00
channel-254,67,Entertainment,Mexico,5,24200000,1600000.0,100000.0,2026-02-18T15:02:33+00:00
channel-255,469,Unknown,United Arab Emirates,7,24200000,7300000.0,200000.0,2026-02-18T15:02:33+00:00
channel-256,36,Unknown,United States,7,24100000,15800000.0,100000.0,2026-02-18T15:02:33+00:00
channel-257,802,Comedy,Argentina,12,24100000,19300000.0,600000.0,2026-02-18T15:02:33+00:00
channel-258,287,Comedy,Unknown,17,24100000,19100000.0,700000.0,2026-02-18T15:02:33+00:00
channel-259,23491,Music,Turkey,12,24100000,20400000.0,200000.0,2026-02-18T15:02:33+00:00
channel-260,252,Music,United States,18,24100000,3000000.0,0.0,2026-02-18T15:02:33+00:00
channel-261,590,Unknown,United States,7,24100000,3200000.0,200000.0,2026-02-18T15:02:33+00:00
channel-262,1252,Entertainment,United Kingdom,17,24100000,261100.0,0.0,2026-02-18T15:02:33+00:00
channel-263,901,Comedy,Brazil,6,24000000,36500000.0,1100000.0,2026-02-18T15:02:33+00:00
channel-264,3,Film & Animation,Unknown,8,24000000,0.14,0.0,2026-02-18T15:02:33+00:00
channel-265,4009,Gaming,United States,14,24000000,7300000.0,200000.0,2026-02-18T15:02:33+00:00
channel-266,505,Entertainment,United States,11,23900000,2800000.0,100000.0,2026-02-18T15:02:33+00:00
channel-267,257,Entertainment,United States,15,23900000,520900.0,0.0,2026-02-18T15:02:33+00:00
channel-268,511,People & Blogs,United States,15,23900000,8500000.0,300000.0,2026-02-18T15:02:33+00:00
channel-269,70,Entertainment,Unknown,10,23800000,1500.0,0.0,2026-02-18T15:02:33+00:00
channel-270,2425,Howto & Style,United States,11,23800000,4700000.0,100000.0,2026-02-18T15:02:33+00:00
channel-271,443,Music,United States,19,23800000,5900000.0,100000.0,2026-02-18T15:02:33+00:00
channel-272,1732,Gaming,United States,15,23700000,401700.0,0.0,2026-02-18T15:02:33+00:00
channel-273,0,Gaming,Canada,14,23700000,0.0,1.0,2026-02-18T15:02:33+00:00
channel-274,1099,People & Blogs,United Kingdom,12,23700000,1600000.0,0.0,2026-02-18T15:02:33+00:00
channel-275,769,Pets & Animals,United States,6,23700000,36200000.0,1100000.0,2026-02-18T15:02:33+00:00
channel-276,392,Music,Unknown,14,23600000,3700000.0,100000.0,2026-02-18T15:02:33+00:00
channel-277,226,Entertainment,Mexico,12,23600000,2200000.0,200000.0,2026-02-18T15:02:33+00:00
channel-278,719,Entertainment,United States,11,23600000,518600.0,0.0,2026-02-18T15:02:33+00:00
channel-279,552,Entertainment,United States,13,23600000,2100000.0,400000.0,2026-02-18T15:02:33+00:00
channel-280,1251,Film & Animation,United Kingdom,12,23600000,2600000.0,100000.0,2026-02-18T15:02:33+00:00
channel-281,6066,Gaming,United Kingdom,12,23500000,2000000.0,0.0,2026-02-18T15:02:33+00:00
channel-282,1044,People & Blogs,United Kingdom,12,23500000,2900000.0,0.0,2026-02-18T15:02:33+00:00
channel-283,6672,Film & Animation,India,6,23400000,17600000.0,900000.0,2026-02-18T15:02:33+00:00
channel-284,1291,Film & Animation,Brazil,12,23400000,1400000.0,0.0,2026-02-18T15:02:33+00:00
channel-285,3657,Entertainment,United States,20,23300000,6000000.0,100000.0,2026-02-18T15:02:33+00:00
channel-286,1,Science & Technology,United States,10,23200000,0.0,100000.0,2026-02-18T15:02:33+00:00
channel-287,172,People & Blogs,United States,18,23200000,6900000.0,100000.0,2026-02-18T15:02:33+00:00
channel-288,595,Entertainment,Unknown,9,23200000,15400000.0,900000.0,2026-02-18T15:02:33+00:00
channel-289,22578,Music,India,12,23100000,2500000.0,100000.0,2026-02-18T15:02:33+00:00
channel-290,15462,Music,Thailand,16,23100000,6300000.0,0.0,2026-02-18T15:02:33+00:00
channel-291,4445,People & Blogs,United States,20,23100000,635800.0,100000.0,2026-02-18T15:02:33+00:00
channel-292,456,Music,India,10,23100000,14600000.0,700000.0,2026-02-18T15:02:33+00:00
channel-293,3781,Shows,United States,13,23100000,6200000.0,700000.0,2026-02-18T15:02:33+00:00
channel-294,2905,Entertainment,Germany,7,23000000,36300000.0,800000.0,2026-02-18T15:02:33+00:00
channel-295,5041,Science & Technology,India,11,23000000,1100000.0,0.0,2026-02-18T15:02:33+00:00
channel-296,1598,Entertainment,Argentina,20,23000000,1700000.0,100000.0,2026-02-18T15:02:33+00:00
channel-297,5718,Entertainment,India,12,23000000,4500000.0,100000.0,2026-02-18T15:02:33+00:00
channel-298,1670,Movies,India,15,22900000,0.0,300000.0,2026-02-18T15:02:33+00:00
channel-299,0,Film & Animation,United States,20,22900000,0.0,1.0,2026-02-18T15:02:33+00:00
channel-300,1159,Music,Jordan,14,22900000,8100000.0,300000.0,2026-02-18T15:02:33+00:00
channel-301,1251,Education,Mexico,8,22900000,6600000.0,200000.0,2026-02-18T15:02:33+00:00
channel-302,1841,Entertainment,Unknown,6,22800000,97600000.0,3200000.0,2026-02-18T15:02:33+00:00
channel-303,985,People & Blogs,United States,11,22700000,7500000.0,300000.0,2026-02-18T15:02:33+00:00
channel-304,654,Entertainment,Unknown,7,22700000,4600000.0,100000.0,2026-02-18T15:02:33+00:00
channel-305,60964,People & Blogs,India,10,22600000,47100000.0,600000.0,2026-02-18T15:02:33+00:00
channel-306,495,Comedy,India,6,22600000,19200000.0,1400000.0,2026-02-18T15:02:33+00:00
channel-307,180,Music,United States,14,22600000,3900000.0,100000.0,2026-02-18T15:02:33+00:00
channel-308,1189,People & Blogs,Saudi Arabia,16,22600000,3500000.0,100000.0,2026-02-18T15:02:33+00:00
channel-309,171,Music,United States,19,22600000,4600000.0,0.0,2026-02-18T15:02:33+00:00
channel-310,2321,People & Blogs,United States,5,22600000,56300000.0,1300000.0,2026-02-18T15:02:33+00:00
channel-311,3377,Film & Animation,India,11,22500000,2300000.0,200000.0,2026-02-18T15:02:33+00:00
channel-312,526,Unknown,United States,8,22500000,3100000.0,100000.0,2026-02-18T15:02:33+00:00
channel-313,3315,Gaming,United States,17,22500000,8400000.0,200000.0,2026-02-18T15:02:33+00:00
channel-314,58,Music,Argentina,10,22400000,3500000.0,0.0,2026-02-18T15:02:33+00:00
channel-315,34,People & Blogs,France,7,22300000,35.0,10.0,2026-02-18T15:02:33+00:00
channel-316,1724,Gaming,United States,13,22300000,6300000.0,100000.0,2026-02-18T15:02:33+00:00
channel-317,999,Entertainment,United States,11,22200000,6700000.0,200000.0,2026-02-18T15:02:33+00:00
channel-318,157,Music,United States,17,22000000,5400000.0,100000.0,2026-02-18T15:02:33+00:00
channel-319,515,Unknown,United States,8,22000000,8800000.0,200000.0,2026-02-18T15:02:33+00:00
channel-320,6274,Entertainment,Japan,5,22000000,34100000.0,800000.0,2026-02-18T15:02:33+00:00
channel-321,301,Film & Animation,United States,12,21900000,8900000.0,500000.0,2026-02-18T15:02:33+00:00
channel-322,946,People & Blogs,United States,12,21900000,11200000.0,400000.0,2026-02-18T15:02:33+00:00
channel-323,816,Comedy,United States,12,21900000,33000000.0,1900000.0,2026-02-18T15:02:33+00:00
channel-324,116,Entertainment,Mexico,18,21900000,227.0,0.0,2026-02-18T15:02:33+00:00
channel-325,257,People & Blogs,United States,18,21800000,9500000.0,600000.0,2026-02-18T15:02:33+00:00
channel-326,10162,Science & Technology,United States,20,21800000,2200000.0,100000.0,2026-02-18T15:02:33+00:00
channel-327,164,Music,United Kingdom,15,21800000,6100000.0,100000.0,2026-02-18T15:02:33+00:00
channel-328,266,Music,United Kingdom,16,21800000,2500000.0,0.0,2026-02-18T15:02:33+00:00
channel-329,135,Music,Unknown,15,21800000,507.0,100.0,2026-02-18T15:02:33+00:00
channel-330,1,People & Blogs,Unknown,9,21800000,0.0,0.0,2026-02-18T15:02:33+00:00
channel-331,1390,People & Blogs,Unknown,7,21700000,12700000.0,400000.0,2026-02-18T15:02:33+00:00
channel-332,15126,Unknown,United Arab Emirates,6,21700000,76700000.0,3400000.0,2026-02-18T15:02:33+00:00
channel-333,2942,Autos & Vehicles,Brazil,13,21600000,9300000.0,300000.0,2026-02-18T15:02:33+00:00
channel-334,219,Howto & Style,India,8,21600000,9300000.0,400000.0,2026-02-18T15:02:33+00:00
channel-335,228,Entertainment,United States,7,21600000,3100000.0,0.0,2026-02-18T15:02:33+00:00
channel-336,51,People & Blogs,United States,8,21500000,5400000.0,200000.0,2026-02-18T15:02:33+00:00
channel-337,158,News & Politics,Mexico,12,21500000,742.0,0.0,2026-02-18T15:02:33+00:00
channel-338,6,People & Blogs,Unknown,20,21500000,0.14,0.0,2026-02-18T15:02:33+00:00
channel-339,17,Gaming,Chile,10,21500000,2.0,4.0,2026-02-18T15:02:33+00:00
channel-340,0,Comedy,Germany,13,21400000,0.0,5.0,2026-02-18T15:02:33+00:00
channel-341,114,Music,India,9,21400000,7700000.0,500000.0,2026-02-18T15:02:33+00:00
channel-342,733,People & Blogs,United States,9,21300000,7700000.0,200000.0,2026-02-18T15:02:33+00:00
channel-343,78,Music,United States,15,21300000,5000000.0,100000.0,2026-02-18T15:02:33+00:00
channel-344,951,People & Blogs,India,10,21300000,35000000.0,1600000.0,2026-02-18T15:02:33+00:00
channel-345,1608,Entertainment,United States,12,21300000,3300000.0,200000.0,2026-02-18T15:02:33+00:00
channel-346,669,Entertainment,India,5,21300000,11300000.0,600000.0,2026-02-18T15:02:33+00:00
channel-347,20225,Entertainment,India,9,21300000,26900000.0,700000.0,2026-02-18T15:02:33+00:00
channel-348,1,Education,Unknown,9,21200000,0.0,0.0,2026-02-18T15:02:33+00:00
channel-349,31989,Entertainment,Philippines,17,21200000,6800000.0,200000.0,2026-02-18T15:02:33+00:00
channel-350,4728,Howto & Style,United States,10,21100000,1200000.0,0.0,2026-02-18T15:02:33+00:00
channel-351,2325,People & Blogs,Indonesia,10,21100000,1300000.0,100000.0,2026-02-18T15:02:33+00:00
channel-352,403,Entertainment,United States,20,21000000,118900.0,0.0,2026-02-18T15:02:33+00:00
channel-353,2883,Entertainment,Brazil,11,21000000,5700000.0,400000.0,2026-02-18T15:02:33+00:00
channel-354,420,Entertainment,United States,13,21000000,3800000.0,100000.0,2026-02-18T15:02:33+00:00
channel-355,498,Unknown,United States,8,21000000,6400000.0,300000.0,2026-02-18T15:02:33+00:00
channel-356,896,Education,India,13,20900000,1400000.0,100000.0,2026-02-18T15:02:33+00:00
channel-357,6262,Entertainment,Brazil,13,20900000,2500000.0,100000.0,2026-02-18T15:02:33+00:00
channel-358,982,Pets & Animals,United States,12,20900000,0.0,100000.0,2026-02-18T15:02:33+00:00
channel-359,9850,People & Blogs,United States,6,20900000,18400000.0,600000.0,2026-02-18T15:02:33+00:00
channel-360,0,Unknown,Unknown,13,20900000,0.0,300000.0,2026-02-18T15:02:33+00:00
channel-361,6,Music,United States,20,20900000,5.0,0.0,2026-02-18T15:02:33+00:00
channel-362,288,Comedy,Brazil,15,20800000,1100000.0,0.0,2026-02-18T15:02:33+00:00
channel-363,193,Education,Germany,13,20800000,1400000.0,100000.0,2026-02-18T15:02:33+00:00
channel-364,619,Entertainment,United States,6,20700000,42000000.0,1000000.0,2026-02-18T15:02:33+00:00
channel-365,5062,Howto & Style,United States,8,20700000,960600.0,0.0,2026-02-18T15:02:33+00:00
channel-366,6,Entertainment,Unknown,13,20700000,6.0,10.0,2026-02-18T15:02:33+00:00
channel-367,889,People & Blogs,Russia,11,20700000,26500000.0,1600000.0,2026-02-18T15:02:33+00:00
channel-368,47926,Sports,United States,21,20700000,3500000.0,0.0,2026-02-18T15:02:33+00:00
channel-369,15,Entertainment,Indonesia,19,20600000,4.0,1.0,2026-02-18T15:02:33+00:00
channel-370,83,Comedy,Argentina,9,20600000,9300000.0,200000.0,2026-02-18T15:02:33+00:00
channel-371,156,Music,Sweden,17,20600000,3900000.0,0.0,2026-02-18T15:02:33+00:00
channel-372,33229,Entertainment,South Korea,20,20500000,7600000.0,100000.0,2026-02-18T15:02:33+00:00
channel-373,1323,Gaming,Australia,11,20500000,1300000.0,0.0,2026-02-18T15:02:33+00:00
channel-374,296,Entertainment,United States,9,20500000,9400000.0,100000.0,2026-02-18T15:02:33+00:00
channel-375,206,Film & Animation,Brazil,12,20400000,1900000.0,100000.0,2026-02-18T15:02:33+00:00
channel-376,1006,People & Blogs,United States,13,20400000,703000.0,100000.0,2026-02-18T15:02:33+00:00
channel-377,0,Music,Afghanistan,20,20400000,0.0,12.0,2026-02-18T15:02:33+00:00
channel-378,51515,Entertainment,India,19,20400000,43600000.0,400000.0,2026-02-18T15:02:33+00:00
channel-379,462,Entertainment,Ukraine,14,20400000,1400000.0,0.0,2026-02-18T15:02:33+00:00
channel-380,239,Music,India,13,20400000,2000000.0,100000.0,2026-02-18T15:02:33+00:00
channel-381,1245,Entertainment,United Kingdom,13,20300000,4100000.0,100000.0,2026-02-18T15:02:33+00:00
channel-382,107,Education,Unknown,8,20300000,3400000.0,200000.0,2026-02-18T15:02:33+00:00
channel-383,875,Education,Indonesia,7,20300000,5400000.0,100000.0,2026-02-18T15:02:33+00:00
channel-384,460,Entertainment,Colombia,17,20200000,12700000.0,1600000.0,2026-02-18T15:02:33+00:00
channel-385,693,Comedy,United Arab Emirates,12,20200000,746700.0,100000.0,2026-02-18T15:02:33+00:00
channel-386,0,Entertainment,Unknown,14,20200000,0.0,0.0,2026-02-18T15:02:33+00:00
channel-387,226,Education,India,9,20200000,5400000.0,300000.0,2026-02-18T15:02:33+00:00
channel-388,1935,Comedy,Latvia,6,20200000,59800000.0,1200000.0,2026-02-18T15:02:33+00:00
channel-389,761,Comedy,United States,5,20200000,21700000.0,600000.0,2026-02-18T15:02:33+00:00
channel-390,3713,Gaming,Indonesia,12,20200000,3100000.0,200000.0,2026-02-18T15:02:33+00:00
channel-391,3774,Entertainment,United States,13,20100000,10600000.0,200000.0,2026-02-18T15:02:33+00:00
channel-392,241,Music,United States,16,20100000,1200000.0,0.0,2026-02-18T15:02:33+00:00
channel-393,4974,Gaming,Brazil,15,20100000,260200.0,0.0,2026-02-18T15:02:33+00:00
channel-394,0,Entertainment,Unknown,13,20100000,0.0,0.0,2026-02-18T15:02:33+00:00
channel-395,1481,Film & Animation,United States,19,20100000,713400.0,100000.0,2026-02-18T15:02:33+00:00
channel-396,2384,Music,United States,13,20100000,13300000.0,300000.0,2026-02-18T15:02:33+00:00
channel-397,5491,Howto & Style,United States,9,20100000,5100000.0,100000.0,2026-02-18T15:02:33+00:00
channel-398,1,Entertainment,United States,15,20100000,3.0,30.0,2026-02-18T15:02:33+00:00
channel-399,7737,People & Blogs,United States,15,20100000,437400.0,0.0,2026-02-18T15:02:33+00:00
channel-400,4339,Entertainment,United States,19,20000000,1100000.0,0.0,2026-02-18T15:02:33+00:00
channel-401,1527,Music,United States,20,20000000,63900.0,0.0,2026-02-18T15:02:33+00:00
channel-402,1527,Entertainment,United Kingdom,20,20000000,1900000.0,200000.0,2026-02-18T15:02:33+00:00
channel-403,1,Music,Canada,20,20000000,0.0,0.0,2026-02-18T15:02:33+00:00
channel-404,1476,Film & Animation,India,15,20000000,0.0,100000.0,2026-02-18T15:02:33+00:00
channel-405,416,Music,Brazil,16,19900000,10300000.0,100000.0,2026-02-18T15:02:33+00:00
channel-406,1411,Science & Technology,Germany,15,19800000,271200.0,0.0,2026-02-18T15:02:33+00:00
channel-407,760,People & Blogs,United States,9,19800000,294600.0,100000.0,2026-02-18T15:02:33+00:00
channel-408,9930,News & Politics,United States,13,19800000,779.0,0.0,2026-02-18T15:02:33+00:00
channel-409,250,Comedy,United States,16,19700000,180900.0,0.0,2026-02-18T15:02:33+00:00
channel-410,2912,People & Blogs,Unknown,10,19700000,1400000.0,100000.0,2026-02-18T15:02:33+00:00
channel-411,1,Film & Animation,United States,15,19700000,0.0,0.0,2026-02-18T15:02:33+00:00
channel-412,4225,Entertainment,United Kingdom,18,19700000,2600000.0,100000.0,2026-02-18T15:02:33+00:00
channel-413,267,Entertainment,United Kingdom,20,19700000,16.0,0.0,2026-02-18T15:02:33+00:00
channel-414,17,Gaming,United States,17,19600000,1.0,0.0,2026-02-18T15:02:33+00:00
channel-415,18661,Shows,United States,13,19600000,13200000.0,300000.0,2026-02-18T15:02:33+00:00
channel-416,1306,Entertainment,Turkey,6,19600000,5300000.0,100000.0,2026-02-18T15:02:33+00:00
channel-417,214,Film & Animation,United States,10,19600000,110600000.0,6700000.0,2026-02-18T15:02:33+00:00
channel-418,674,Gaming,United States,13,19600000,1100000.0,0.0,2026-02-18T15:02:33+00:00
channel-419,847,Entertainment,India,12,19500000,0.0,300000.0,2026-02-18T15:02:33+00:00
channel-420,4750,News & Politics,India,9,19400000,1500000.0,100000.0,2026-02-18T15:02:33+00:00
channel-421,85,People & Blogs,Mexico,9,19400000,114300.0,100000.0,2026-02-18T15:02:33+00:00
channel-422,125974,Entertainment,India,16,19400000,13100000.0,200000.0,2026-02-18T15:02:33+00:00
channel-423,10728,Sports,Switzerland,20,19400000,2800000.0,100000.0,2026-02-18T15:02:33+00:00
channel-424,335,Unknown,India,5,19300000,1800000.0,300000.0,2026-02-18T15:02:33+00:00
channel-425,462,Science & Technology,Unknown,19,19300000,3300000.0,100000.0,2026-02-18T15:02:33+00:00
channel-426,2175,Science & Technology,Unknown,16,19300000,802500.0,1100000.0,2026-02-18T15:02:33+00:00
channel-427,570,People & Blogs,United States,21,19200000,131100.0,0.0,2026-02-18T15:02:33+00:00
channel-428,8285,Entertainment,India,15,19200000,1400000.0,100000.0,2026-02-18T15:02:33+00:00
channel-429,6526,Entertainment,United States,20,19100000,827600.0,0.0,2026-02-18T15:02:33+00:00
channel-430,139,Comedy,United States,12,19100000,1500000.0,0.0,2026-02-18T15:02:33+00:00
channel-431,2948,Film & Animation,Unknown,10,19100000,3200000.0,200000.0,2026-02-18T15:02:33+00:00
channel-432,37,Music,Unknown,8,19100000,2200000.0,0.0,2026-02-18T15:02:33+00:00
channel-433,60,Education,United States,8,19000000,1000000.0,100000.0,2026-02-18T15:02:33+00:00
channel-434,903,Howto & Style,Mexico,8,19000000,5900000.0,200000.0,2026-02-18T15:02:33+00:00
channel-435,1525,Film & Animation,India,9,19000000,5100000.0,200000.0,2026-02-18T15:02:33+00:00
channel-436,1154,Film & Animation,Brazil,14,19000000,3700000.0,100000.0,2026-02-18T15:02:33+00:00
channel-437,79,Music,United Kingdom,19,19000000,4900000.0,100000.0,2026-02-18T15:02:33+00:00
channel-438,64496,Entertainment,South Korea,19,19000000,5200000.0,0.0,2026-02-18T15:02:33+00:00
channel-439,375,People & Blogs,Russia,12,18900000,1200000.0,0.0,2026-02-18T15:02:33+00:00
channel-440,0,Shows,Unknown,12,18900000,0.0,2.0,2026-02-18T15:02:33+00:00
channel-441,719,Education,Mexico,8,18900000,6700000.0,0.0,2026-02-18T15:02:33+00:00
channel-442,2072,Education,United States,15,18800000,1400000.0,100000.0,2026-02-18T15:02:33+00:00
channel-443,312,Entertainment,United Kingdom,11,18800000,3800000.0,100000.0,2026-02-18T15:02:33+00:00
channel-444,9,People & Blogs,Unknown,9,18800000,0.34,0.0,2026-02-18T15:02:33+00:00
channel-445,2,Unknown,Unknown,5,18800000,0.0,0.0,2026-02-18T15:02:33+00:00
channel-446,217,Music,United States,17,18800000,4700000.0,100000.0,2026-02-18T15:02:33+00:00
channel-447,530,Entertainment,Ukraine,12,18800000,3300000.0,100000.0,2026-02-18T15:02:33+00:00
channel-448,304,Comedy,India,12,18800000,5200000.0,700000.0,2026-02-18T15:02:33+00:00
channel-449,16,Entertainment,Spain,21,18700000,5.0,1.0,2026-02-18T15:02:33+00:00
channel-450,2,Gaming,Unknown,10,18700000,0.05,0.0,2026-02-18T15:02:33+00:00
channel-451,4487,Entertainment,India,19,18600000,4900000.0,200000.0,2026-02-18T15:02:33+00:00
channel-452,457,Unknown,United States,7,18600000,2100000.0,200000.0,2026-02-18T15:02:33+00:00
channel-453,6287,Music,Thailand,12,18600000,8100000.0,100000.0,2026-02-18T15:02:33+00:00
channel-454,6289,Gaming,Saudi Arabia,13,18600000,2100000.0,500000.0,2026-02-18T15:02:33+00:00
channel-455,1329,Music,Brazil,19,18500000,0.0,100000.0,2026-02-18T15:02:33+00:00
channel-456,374,Gaming,Russia,18,18500000,1800000.0,100000.0,2026-02-18T15:02:33+00:00
channel-457,712,People & Blogs,Unknown,10,18500000,136100.0,0.0,2026-02-18T15:02:33+00:00
channel-458,493,People & Blogs,Russia,10,18500000,2300000.0,100000.0,2026-02-18T15:02:33+00:00
channel-459,679,People & Blogs,Indonesia,12,18500000,9500000.0,1600000.0,2026-02-18T15:02:33+00:00
channel-460,111,Entertainment,United States,17,18400000,692600.0,0.0,2026-02-18T15:02:33+00:00
channel-461,6943,Comedy,Spain,15,18400000,528200.0,0.0,2026-02-18T15:02:33+00:00
channel-462,3159,Music,Thailand,15,18400000,2600000.0,100000.0,2026-02-18T15:02:33+00:00
channel-463,0,People & Blogs,Unknown,19,18400000,0.0,2.0,2026-02-18T15:02:33+00:00
channel-464,197,Music,United States,17,18400000,12800000.0,0.0,2026-02-18T15:02:33+00:00
channel-465,786,People & Blogs,Indonesia,9,18300000,819000.0,0.0,2026-02-18T15:02:33+00:00
channel-466,142,Entertainment,United States,17,18300000,6100000.0,100000.0,2026-02-18T15:02:33+00:00
channel-467,1324,Gaming,United States,10,18300000,6700000.0,800000.0,2026-02-18T15:02:33+00:00
channel-468,0,Entertainment,Unknown,13,18300000,0.0,0.0,2026-02-18T15:02:33+00:00
channel-469,442,People & Blogs,Unknown,7,18200000,22500000.0,1000000.0,2026-02-18T15:02:33+00:00
channel-470,6903,People & Blogs,Brazil,9,18200000,866200.0,0.0,2026-02-18T15:02:33+00:00
channel-471,420,Entertainment,United States,14,18100000,23900000.0,700000.0,2026-02-18T15:02:33+00:00
channel-472,1037,Entertainment,Indonesia,11,18100000,1300000.0,0.0,2026-02-18T15:02:33+00:00
channel-473,1521,Gaming,France,15,18100000,2300000.0,100000.0,2026-02-18T15:02:33+00:00
channel-474,707,Education,United States,12,18100000,8700000.0,300000.0,2026-02-18T15:02:33+00:00
channel-475,131,Music,South Korea,16,18100000,3100000.0,0.0,2026-02-18T15:02:33+00:00
channel-476,0,Entertainment,Unknown,17,18100000,0.0,1.0,2026-02-18T15:02:33+00:00
channel-477,2470,Howto & Style,Brazil,20,18000000,2600000.0,100000.0,2026-02-18T15:02:33+00:00
channel-478,650,Sports,Australia,17,18000000,18800000.0,600000.0,2026-02-18T15:02:33+00:00
channel-479,45,Entertainment,United States,20,18000000,0.19,0.0,2026-02-18T15:02:33+00:00
channel-480,237,News & Politics,United States,13,18000000,5300000.0,0.0,2026-02-18T15:02:33+00:00
channel-481,5692,Music,United States,12,18000000,12400000.0,100000.0,2026-02-18T15:02:33+00:00
channel-482,3566,Gaming,Spain,14,18000000,2100000.0,0.0,2026-02-18T15:02:33+00:00
channel-483,748,Film & Animation,Unknown,15,18000000,66000000.0,3400000.0,2026-02-18T15:02:33+00:00
channel-484,536,People & Blogs,United States,12,17900000,415200.0,100000.0,2026-02-18T15:02:33+00:00
channel-485,982,People & Blogs,United States,11,17900000,2500000.0,100000.0,2026-02-18T15:02:33+00:00
channel-486,1344,Entertainment,Argentina,13,17900000,1300000.0,100000.0,2026-02-18T15:02:33+00:00
channel-487,185,Comedy,United States,11,17900000,890300.0,0.0,2026-02-18T15:02:33+00:00
channel-488,314,Music,United States,18,17900000,1400000.0,0.0,2026-02-18T15:02:33+00:00
channel-489,602,Entertainment,Vietnam,7,17900000,4100000.0,100000.0,2026-02-18T15:02:33+00:00
channel-490,830,Music,United States,18,17900000,21500000.0,400000.0,2026-02-18T15:02:33+00:00
channel-491,1426,Shows,United States,17,17900000,4900000.0,100000.0,2026-02-18T15:02:33+00:00
channel-492,2,People & Blogs,Unknown,6,17900000,0.19,0.0,2026-02-18T15:02:33+00:00
channel-493,772,People & Blogs,India,5,17800000,20700000.0,900000.0,2026-02-18T15:02:33+00:00
channel-494,26,Film & Animation,United States,5,17800000,994.0,2960.0,2026-02-18T15:02:33+00:00
channel-495,1646,Unknown,South Korea,9,17700000,163400000.0,3200000.0,2026-02-18T15:02:33+00:00
channel-496,1888,Unknown,South Korea,14,17700000,0.0,0.0,2026-02-18T15:02:33+00:00
channel-497,178,Music,United States,16,17700000,4700000.0,0.0,2026-02-18T15:02:33+00:00
channel-498,512,People & Blogs,India,8,17700000,16600000.0,900000.0,2026-02-18T15:02:33+00:00
channel-499,739,People & Blogs,Indonesia,10,17700000,2300000.0,100000.0,2026-02-18T15:02:33+00:00
channel-500,60,Music,Unknown,11,17700000,0.0,0.0,2026-02-18T15:02:33+00:00
channel-501,2240,Entertainment,Brazil,14,17700000,1700000.0,0.0,2026-02-18T15:02:33+00:00
channel-502,211620,News & Politics,Ukraine,20,17700000,17800000.0,230000.0,2026-02-18T15:02:33+00:00
channel-503,1716,Film & Animation,Malaysia,17,17700000,5700000.0,200000.0,2026-02-18T15:02:33+00:00
channel-504,1316,Film & Animation,Argentina,13,17700000,30700000.0,600000.0,2026-02-18T15:02:33+00:00
channel-505,3151,Gaming,Thailand,12,17600000,2600000.0,0.0,2026-02-18T15:02:33+00:00
channel-506,233,Comedy,Mexico,15,17600000,1300000.0,100000.0,2026-02-18T15:02:33+00:00
channel-507,128,Howto & Style,China,9,17600000,1100000.0,100000.0,2026-02-18T15:02:33+00:00
channel-508,0,Gaming,Australia,13,17600000,0.0,0.0,2026-02-18T15:02:33+00:00
channel-509,4702,Gaming,Chile,12,17600000,4800000.0,500000.0,2026-02-18T15:02:33+00:00
channel-510,326,Music,South Korea,15,17600000,532700.0,0.0,2026-02-18T15:02:33+00:00
channel-511,709,Entertainment,India,10,17500000,1000000.0,0.0,2026-02-18T15:02:33+00:00
channel-512,182742,News & Politics,India,19,17500000,18900000.0,700000.0,2026-02-18T15:02:33+00:00
channel-513,149,Entertainment,India,9,17500000,5300000.0,300000.0,2026-02-18T15:02:33+00:00
channel-514,156215,Gaming,United States,20,17500000,4700000.0,0.0,2026-02-18T15:02:33+00:00
channel-515,4411,Gaming,United States,14,17400000,21100000.0,400000.0,2026-02-18T15:02:33+00:00
channel-516,118448,Entertainment,Thailand,12,17400000,11300000.0,200000.0,2026-02-18T15:02:33+00:00
channel-517,2133,Music,Iraq,13,17400000,5400000.0,0.0,2026-02-18T15:02:33+00:00
channel-518,2078,People & Blogs,Unknown,10,17400000,20500000.0,400000.0,2026-02-18T15:02:33+00:00
channel-519,180,Science & Technology,United States,21,17300000,2200000.0,100000.0,2026-02-18T15:02:33+00:00
channel-520,287,Film & Animation,India,10,17300000,40200.0,0.0,2026-02-18T15:02:33+00:00
channel-521,4778,Entertainment,India,12,17300000,15900000.0,300000.0,2026-02-18T15:02:33+00:00
channel-522,582,Howto & Style,Australia,15,17300000,745200.0,0.0,2026-02-18T15:02:33+00:00
channel-523,4685,Gaming,Unknown,14,17200000,734200.0,100000.0,2026-02-18T15:02:33+00:00
channel-524,1567,Science & Technology,United States,18,17200000,2500000.0,100000.0,2026-02-18T15:02:33+00:00
channel-525,138,Music,Brazil,15,17200000,3500000.0,0.0,2026-02-18T15:02:33+00:00
channel-526,83,Education,Australia,12,17200000,1.0,0.0,2026-02-18T15:02:33+00:00
channel-527,1007,Education,Argentina,11,17200000,4000000.0,100000.0,2026-02-18T15:02:33+00:00
channel-528,7550,Gaming,Spain,17,17200000,739500.0,0.0,2026-02-18T15:02:33+00:00
channel-529,498,Comedy,Russia,14,17100000,1800000.0,100000.0,2026-02-18T15:02:33+00:00
channel-530,148225,Entertainment,Indonesia,12,17100000,2200000.0,100000.0,2026-02-18T15:02:33+00:00
channel-531,142,Comedy,United States,13,17100000,84500.0,0.0,2026-02-18T15:02:33+00:00
channel-532,1015,Music,United Kingdom,18,17000000,4500000.0,100000.0,2026-02-18T15:02:33+00:00
channel-533,1407,Comedy,India,13,17000000,366100.0,100000.0,2026-02-18T15:02:33+00:00
channel-534,1,Entertainment,Unknown,18,17000000,0.0,0.0,2026-02-18T15:02:33+00:00
channel-535,97,Music,United States,17,17000000,2400000.0,0.0,2026-02-18T15:02:33+00:00
channel-536,2235,Music,India,15,16900000,3500000.0,200000.0,2026-02-18T15:02:33+00:00
channel-537,1910,Gaming,United States,20,16900000,522600.0,0.0,2026-02-18T15:02:33+00:00
channel-538,366,Entertainment,United States,13,16900000,78500.0,0.0,2026-02-18T15:02:33+00:00
channel-539,3900,Entertainment,United States,21,16900000,1700000.0,100000.0,2026-02-18T15:02:33+00:00
channel-540,441,Comedy,India,9,16900000,4300000.0,0.0,2026-02-18T15:02:33+00:00
channel-541,2337,People & Blogs,United States,10,16900000,13200000.0,700000.0,2026-02-18T15:02:33+00:00
channel-542,4891,Nonprofits & Activism,Brazil,10,16900000,7200000.0,400000.0,2026-02-18T15:02:33+00:00
channel-543,1,Entertainment,Unknown,10,16800000,0.0,0.0,2026-02-18T15:02:33+00:00
channel-544,0,Entertainment,Unknown,8,16800000,0.0,0.0,2026-02-18T15:02:33+00:00
channel-545,41,People & Blogs,Unknown,5,16800000,0.05,1.0,2026-02-18T15:02:33+00:00
channel-546,502,Entertainment,Indonesia,7,16800000,2100000.0,100000.0,2026-02-18T15:02:33+00:00
channel-547,1491,Film & Animation,Brazil,13,16800000,2100000.0,100000.0,2026-02-18T15:02:33+00:00
channel-548,3,Entertainment,Unknown,4,16700000,0.34,10.0,2026-02-18T15:02:33+00:00
channel-549,1693,Gaming,United States,17,16700000,5000000.0,200000.0,2026-02-18T15:02:33+00:00
channel-550,920,Entertainment,United States,14,16700000,2200000.0,100000.0,2026-02-18T15:02:33+00:00
channel-551,13,Music,United States,16,16700000,1800.0,0.0,2026-02-18T15:02:33+00:00
channel-552,8741,People & Blogs,Mexico,12,16700000,774700.0,0.0,2026-02-18T15:02:33+00:00
channel-553,180,Unknown,Philippines,8,16600000,723800.0,100000.0,2026-02-18T15:02:33+00:00
channel-554,0,Entertainment,Mexico,16,16600000,0.0,0.0,2026-02-18T15:02:33+00:00
channel-555,216,Howto & Style,Spain,9,16600000,3100.0,0.0,2026-02-18T15:02:33+00:00
channel-556,112261,News & Politics,India,13,16600000,2800000.0,100000.0,2026-02-18T15:02:33+00:00
channel-557,20102,Entertainment,India,15,16600000,7400000.0,200000.0,2026-02-18T15:02:33+00:00
channel-558,8976,Music,India,15,16600000,4300000.0,100000.0,2026-02-18T15:02:33+00:00
channel-559,2200,Entertainment,Germany,5,16600000,29600000.0,900000.0,2026-02-18T15:02:33+00:00
channel-560,413,Entertainment,United States,20,16600000,9600000.0,300000.0,2026-02-18T15:02:33+00:00
channel-561,421,Entertainment,United States,12,16500000,1100000.0,200000.0,2026-02-18T15:02:33+00:00
channel-562,438,Comedy,United States,15,16500000,5400000.0,100000.0,2026-02-18T15:02:33+00:00
channel-563,21243,News & Politics,India,17,16500000,6300000.0,300000.0,2026-02-18T15:02:33+00:00
channel-564,735,Entertainment,United States,10,16500000,1200000.0,0.0,2026-02-18T15:02:33+00:00
channel-565,1091,Howto & Style,United States,15,16400000,865300.0,0.0,2026-02-18T15:02:33+00:00
channel-566,428,Comedy,Thailand,15,16400000,448400.0,0.0,2026-02-18T15:02:33+00:00
channel-567,14662,Sports,United States,20,16400000,6400000.0,100000.0,2026-02-18T15:02:33+00:00
channel-568,56203,Entertainment,Thailand,16,16400000,4200000.0,100000.0,2026-02-18T15:02:33+00:00
channel-569,1,Entertainment,Unknown,6,16400000,0.0,0.0,2026-02-18T15:02:33+00:00
channel-570,1,Entertainment,Unknown,11,16400000,0.05,0.0,2026-02-18T15:02:33+00:00
channel-571,23952,Entertainment,Thailand,16,16400000,8700000.0,200000.0,2026-02-18T15:02:33+00:00
channel-572,54,Entertainment,United States,16,16300000,1400.0,0.0,2026-02-18T15:02:33+00:00
channel-573,490,Music,United States,19,16300000,1400000.0,0.0,2026-02-18T15:02:33+00:00
channel-574,80,Music,United States,11,16300000,2000000.0,100000.0,2026-02-18T15:02:33+00:00
channel-575,278,Music,United Kingdom,15,16300000,1900000.0,0.0,2026-02-18T15:02:33+00:00
channel-576,230,Music,United Kingdom,14,16300000,4100000.0,0.0,2026-02-18T15:02:33+00:00
channel-577,352,Music,United States,20,16300000,4200000.0,0.0,2026-02-18T15:02:33+00:00
channel-578,1444,Entertainment,India,15,16300000,7300000.0,300000.0,2026-02-18T15:02:33+00:00
channel-579,989,Gaming,United States,13,16300000,861300.0,200000.0,2026-02-18T15:02:33+00:00
channel-580,652,Gaming,United Kingdom,14,16300000,147800.0,0.0,2026-02-18T15:02:33+00:00
channel-581,258,Music,United States,21,16200000,3000000.0,0.0,2026-02-18T15:02:33+00:00
channel-582,593,Entertainment,United States,8,16200000,1200000.0,0.0,2026-02-18T15:02:33+00:00
channel-583,1930,Comedy,Brazil,14,16200000,1600000.0,100000.0,2026-02-18T15:02:33+00:00
channel-584,1294,Gaming,United Kingdom,15,16200000,1300000.0,100000.0,2026-02-18T15:02:33+00:00
channel-585,3943,Music,Vietnam,12,16200000,12300000.0,200000.0,2026-02-18T15:02:33+00:00
channel-586,244899,News & Politics,Thailand,16,16200000,10800000.0,100000.0,2026-02-18T15:02:33+00:00
channel-587,31889,Entertainment,Singapore,21,16200000,5600000.0,200000.0,2026-02-18T15:02:33+00:00
channel-588,189,People & Blogs,United States,6,16200000,1800.0,1000.0,2026-02-18T15:02:33+00:00
channel-589,10,Entertainment,Spain,20,16200000,0.19,0.0,2026-02-18T15:02:33+00:00
channel-590,2,People & Blogs,Unknown,11,16200000,24.0,1.0,2026-02-18T15:02:33+00:00
channel-591,2805,Entertainment,Indonesia,11,16100000,461700.0,0.0,2026-02-18T15:02:33+00:00
channel-592,0,Unknown,Unknown,11,16100000,0.0,0.0,2026-02-18T15:02:33+00:00
channel-593,510,Unknown,United States,7,16100000,1500000.0,100000.0,2026-02-18T15:02:33+00:00
channel-594,723,People & Blogs,Brazil,9,16100000,662500.0,0.0,2026-02-18T15:02:33+00:00
channel-595,1123,Music,Unknown,10,16100000,4700000.0,100000.0,2026-02-18T15:02:33+00:00
channel-596,671,Entertainment,United States,11,16100000,19200000.0,300000.0,2026-02-18T15:02:33+00:00
channel-597,41,Music,France,20,16100000,37.0,4.0,2026-02-18T15:02:33+00:00
channel-598,667,Unknown,Sweden,6,16100000,23000000.0,3000000.0,2026-02-18T15:02:33+00:00
channel-599,4045,Entertainment,United States,18,16100000,12800000.0,300000.0,2026-02-18T15:02:33+00:00
channel-600,0,Entertainment,Mexico,18,16100000,0.0,0.0,2026-02-18T15:02:33+00:00
channel-601,453,People & Blogs,Unknown,9,16000000,3600000.0,200000.0,2026-02-18T15:02:33+00:00
channel-602,52144,Education,India,12,16000000,685800.0,0.0,2026-02-18T15:02:33+00:00
channel-603,687,Gaming,Mexico,11,16000000,225500.0,0.0,2026-02-18T15:02:33+00:00
channel-604,0,Gaming,Unknown,19,16000000,0.0,11.0,2026-02-18T15:02:33+00:00
channel-605,344,Film & Animation,Mexico,9,16000000,5400000.0,200000.0,2026-02-18T15:02:33+00:00
channel-606,0,People & Blogs,Russia,9,15900000,0.0,10.0,2026-02-18T15:02:33+00:00
channel-607,2035,Music,United States,10,15900000,475900.0,0.0,2026-02-18T15:02:33+00:00
channel-608,433,Howto & Style,United States,20,15900000,96300.0,0.0,2026-02-18T15:02:33+00:00
channel-609,4906,Gaming,Argentina,12,15900000,3100000.0,200000.0,2026-02-18T15:02:33+00:00
channel-610,5105,Music,Brazil,16,15900000,6500000.0,100000.0,2026-02-18T15:02:33+00:00
channel-611,796,Gaming,United States,10,15900000,7900000.0,200000.0,2026-02-18T15:02:33+00:00
channel-612,132,Music,Colombia,16,15900000,2900000.0,100000.0,2026-02-18T15:02:33+00:00
channel-613,633,Education,India,10,15800000,1200000.0,200000.0,2026-02-18T15:02:33+00:00
channel-614,20679,News & Politics,India,19,15800000,8900000.0,700000.0,2026-02-18T15:02:33+00:00
channel-615,542,People & Blogs,Indonesia,9,15800000,3400000.0,100000.0,2026-02-18T15:02:33+00:00
channel-616,10441,Film & Animation,United States,15,15800000,1200000.0,100000.0,2026-02-18T15:02:33+00:00
channel-617,16874,Film & Animation,India,14,15700000,2500000.0,0.0,2026-02-18T15:02:33+00:00
channel-618,79,Music,India,9,15700000,6800000.0,300000.0,2026-02-18T15:02:33+00:00
channel-619,150,Unknown,Singapore,7,15700000,45100.0,800.0,2026-02-18T15:02:33+00:00
channel-620,19703,Music,India,12,15700000,1500000.0,0.0,2026-02-18T15:02:33+00:00
channel-621,1640,Music,India,12,15700000,4100000.0,100000.0,2026-02-18T15:02:33+00:00
channel-622,7090,Entertainment,United States,10,15700000,16100000.0,1200000.0,2026-02-18T15:02:33+00:00
channel-623,483,Entertainment,Mexico,16,15600000,0.0,0.0,2026-02-18T15:02:33+00:00
channel-624,6623,Gaming,Unknown,14,15600000,4700000.0,200000.0,2026-02-18T15:02:33+00:00
channel-625,6542,Science & Technology,Canada,18,15600000,4200000.0,100000.0,2026-02-18T15:02:33+00:00
channel-626,2019,Entertainment,Brazil,16,15600000,2700000.0,100000.0,2026-02-18T15:02:33+00:00
channel-627,4245,People & Blogs,United States,8,15600000,1300000.0,0.0,2026-02-18T15:02:33+00:00
channel-628,598,People & Blogs,Mexico,9,15500000,4300000.0,100000.0,2026-02-18T15:02:33+00:00
channel-629,0,Entertainment,Unknown,9,15500000,0.0,0.0,2026-02-18T15:02:33+00:00
channel-630,220,Music,Saudi Arabia,16,15500000,4400000.0,200000.0,2026-02-18T15:02:33+00:00
channel-631,359,Education,India,10,15500000,8100000.0,300000.0,2026-02-18T15:02:33+00:00
channel-632,1021,Shows,Saudi Arabia,9,15500000,6500000.0,300000.0,2026-02-18T15:02:33+00:00
channel-633,325,Music,Brazil,17,15500000,7900000.0,0.0,2026-02-18T15:02:33+00:00
channel-634,0,Science & Technology,United States,10,15500000,0.0,10.0,2026-02-18T15:02:33+00:00
channel-635,1525,Entertainment,India,9,15500000,6700000.0,200000.0,2026-02-18T15:02:33+00:00
channel-636,417,Entertainment,United States,16,15500000,1300000.0,0.0,2026-02-18T15:02:33+00:00
channel-637,5183,Howto & Style,Egypt,9,15500000,1600000.0,100000.0,2026-02-18T15:02:33+00:00
channel-638,165,Comedy,India,11,15400000,1300000.0,100000.0,2026-02-18T15:02:33+00:00
channel-639,379,Gaming,United Arab Emirates,8,15400000,3800000.0,200000.0,2026-02-18T15:02:33+00:00
channel-640,1647,Gaming,United States,10,15400000,2700000.0,100000.0,2026-02-18T15:02:33+00:00
channel-641,1756,People & Blogs,United States,13,15400000,76000.0,0.0,2026-02-18T15:02:33+00:00
channel-642,1577,Science & Technology,United Kingdom,15,15400000,8000000.0,400000.0,2026-02-18T15:02:33+00:00
channel-643,1725,Music,Thailand,18,15400000,4000000.0,100000.0,2026-02-18T15:02:33+00:00
channel-644,21,Music,United States,10,15400000,1800000.0,100000.0,2026-02-18T15:02:33+00:00
channel-645,4186,People & Blogs,Indonesia,8,15400000,947500.0,0.0,2026-02-18T15:02:33+00:00
channel-646,10988,Sports,Spain,20,15300000,4100000.0,200000.0,2026-02-18T15:02:33+00:00
channel-647,851,Education,United States,12,15300000,3700000.0,0.0,2026-02-18T15:02:33+00:00
channel-648,1397,Gaming,India,9,15300000,284200.0,0.0,2026-02-18T15:02:33+00:00
channel-649,2175,People & Blogs,Russia,5,15300000,22800000.0,800000.0,2026-02-18T15:02:33+00:00
channel-650,87864,Entertainment,India,15,15300000,17400000.0,300000.0,2026-02-18T15:02:33+00:00
channel-651,194,People & Blogs,India,9,15200000,3100000.0,1300000.0,2026-02-18T15:02:33+00:00
channel-652,106,Comedy,India,11,15200000,4700000.0,200000.0,2026-02-18T15:02:33+00:00
channel-653,443,Entertainment,Philippines,13,15200000,479000.0,0.0,2026-02-18T15:02:33+00:00
channel-654,5056,Music,India,14,15200000,2800000.0,200000.0,2026-02-18T15:02:33+00:00
channel-655,11099,Entertainment,India,12,15200000,10100000.0,300000.0,2026-02-18T15:02:33+00:00
channel-656,9862,Entertainment,India,15,15200000,5100000.0,200000.0,2026-02-18T15:02:33+00:00
channel-657,654,Entertainment,Turkey,12,15200000,212500.0,0.0,2026-02-18T15:02:33+00:00
channel-658,160405,News & Politics,United States,21,15200000,9000000.0,100000.0,2026-02-18T15:02:33+00:00
channel-659,91704,News & Politics,India,18,15200000,2400000.0,100000.0,2026-02-18T15:02:33+00:00
channel-660,210,People & Blogs,United States,9,15100000,767200.0,0.0,2026-02-18T15:02:33+00:00
channel-661,18,Music,Unknown,7,15100000,1300000.0,100000.0,2026-02-18T15:02:33+00:00
channel-662,3810,Education,Indonesia,9,15100000,827100.0,100000.0,2026-02-18T15:02:33+00:00
channel-663,159,Howto & Style,Andorra,20,15100000,4.0,0.0,2026-02-18T15:02:33+00:00
channel-664,533,People & Blogs,Philippines,18,15100000,594000.0,0.0,2026-02-18T15:02:33+00:00
channel-665,1037,People & Blogs,United States,13,15100000,2100000.0,200000.0,2026-02-18T15:02:33+00:00
channel-666,2618,Howto & Style,United States,16,15100000,573900.0,0.0,2026-02-18T15:02:33+00:00
channel-667,2997,Gaming,Spain,13,15100000,286600.0,0.0,2026-02-18T15:02:33+00:00
channel-668,1,People & Blogs,Unknown,5,15100000,0.0,0.0,2026-02-18T15:02:33+00:00
channel-669,753,People & Blogs,Egypt,12,15100000,2200000.0,100000.0,2026-02-18T15:02:33+00:00
channel-670,3733,Gaming,Russia,13,15100000,4600000.0,100000.0,2026-02-18T15:02:33+00:00
channel-671,776,Music,South Korea,21,15100000,2000000.0,0.0,2026-02-18T15:02:33+00:00
channel-672,921,Comedy,Argentina,10,15100000,24600000.0,700000.0,2026-02-18T15:02:33+00:00
channel-673,209520,News & Politics,Philippines,17,15100000,8700000.0,100000.0,2026-02-18T15:02:33+00:00
channel-674,2717,Entertainment,Russia,6,15100000,34200000.0,700000.0,2026-02-18T15:02:33+00:00
channel-675,52,Music,United Kingdom,17,15100000,4100000.0,100000.0,2026-02-18T15:02:33+00:00
channel-676,2324,Gaming,United Kingdom,13,15000000,12000000.0,600000.0,2026-02-18T15:02:33+00:00
channel-677,899,People & Blogs,India,12,15000000,5500000.0,400000.0,2026-02-18T15:02:33+00:00
channel-678,795,Entertainment,Brazil,8,15000000,7000000.0,0.0,2026-02-18T15:02:33+00:00
channel-679,1362,Gaming,United States,17,15000000,2100000.0,0.0,2026-02-18T15:02:33+00:00
channel-680,0,Education,United States,20,15000000,0.0,0.0,2026-02-18T15:02:33+00:00
channel-681,724,Entertainment,Mexico,12,15000000,1600000.0,100000.0,2026-02-18T15:02:33+00:00
channel-682,20292,Gaming,United States,21,15000000,2000000.0,100000.0,2026-02-18T15:02:33+00:00
channel-683,5198,Gaming,United States,18,15000000,1400000.0,100000.0,2026-02-18T15:02:33+00:00
channel-684,206,News & Politics,India,8,15000000,48.0,0.0,2026-02-18T15:02:33+00:00
channel-685,965,Entertainment,India,10,15000000,4900000.0,200000.0,2026-02-18T15:02:33+00:00
channel-686,2726,Music,India,12,15000000,11600000.0,300000.0,2026-02-18T15:02:33+00:00
channel-687,68,Gaming,Unknown,6,15000000,0.0,0.0,2026-02-18T15:02:33+00:00
channel-688,1803,Entertainment,United States,18,15000000,15000000.0,200000.0,2026-02-18T15:02:33+00:00
channel-689,269050,News & Politics,Indonesia,13,15000000,5400000.0,100000.0,2026-02-18T15:02:33+00:00
channel-690,1788,Comedy,Japan,12,15000000,13600000.0,900000.0,2026-02-18T15:02:33+00:00
channel-691,340,Music,Brazil,14,15000000,8800000.0,0.0,2026-02-18T15:02:33+00:00
channel-692,3168,Entertainment,India,9,15000000,6300000.0,200000.0,2026-02-18T15:02:33+00:00
channel-693,419,Music,United States,19,14900000,5800000.0,100000.0,2026-02-18T15:02:33+00:00
channel-694,66362,Entertainment,Indonesia,14,14900000,2100000.0,100000.0,2026-02-18T15:02:33+00:00
channel-695,86,Entertainment,United States,20,14900000,530100.0,0.0,2026-02-18T15:02:33+00:00
channel-696,127,Music,United States,19,14900000,2700000.0,100000.0,2026-02-18T15:02:33+00:00
channel-697,8420,Entertainment,Spain,14,14900000,665200.0,100000.0,2026-02-18T15:02:33+00:00
channel-698,27944,Entertainment,Thailand,15,14900000,2400000.0,100000.0,2026-02-18T15:02:33+00:00
channel-699,1363,People & Blogs,Unknown,5,14900000,16600000.0,400000.0,2026-02-18T15:02:33+00:00
channel-700,1,People & Blogs,Russia,18,14900000,369.0,0.0,2026-02-18T15:02:33+00:00
channel-701,4175,Gaming,Brazil,15,14900000,1900000.0,100000.0,2026-02-18T15:02:33+00:00
channel-702,93,Entertainment,Japan,14,14900000,119.0,9.0,2026-02-18T15:02:33+00:00
channel-703,1210,Music,United States,20,14800000,2900000.0,0.0,2026-02-18T15:02:33+00:00
channel-704,1481,Education,United States,20,14800000,344500.0,0.0,2026-02-18T15:02:33+00:00
channel-705,195,Music,United States,16,14800000,1100000.0,0.0,2026-02-18T15:02:33+00:00
channel-706,3834,Gaming,Australia,13,14800000,1000000.0,0.0,2026-02-18T15:02:33+00:00
channel-707,2387,Howto & Style,Ukraine,11,14800000,2300000.0,0.0,2026-02-18T15:02:33+00:00
channel-708,233,People & Blogs,United States,18,14800000,2500000.0,0.0,2026-02-18T15:02:33+00:00
channel-709,318,Music,Brazil,18,14800000,4200000.0,0.0,2026-02-18T15:02:33+00:00
channel-710,0,Music,Unknown,13,14800000,0.0,0.0,2026-02-18T15:02:33+00:00
channel-711,34,People & Blogs,Germany,11,14800000,1800.0,3580.0,2026-02-18T15:02:33+00:00
channel-712,2222,Unknown,United States,5,14800000,57800000.0,1700000.0,2026-02-18T15:02:33+00:00
channel-713,3867,People & Blogs,United States,7,14800000,2600000.0,0.0,2026-02-18T15:02:33+00:00
channel-714,1385,Entertainment,Saudi Arabia,10,14700000,129300.0,0.0,2026-02-18T15:02:33+00:00
channel-715,85,Entertainment,United States,9,14700000,229500.0,0.0,2026-02-18T15:02:33+00:00
channel-716,554,Entertainment,Spain,16,14700000,10900.0,600.0,2026-02-18T15:02:33+00:00
channel-717,317,Entertainment,United States,16,14700000,911000.0,0.0,2026-02-18T15:02:33+00:00
channel-718,43564,Education,India,11,14700000,3600000.0,200000.0,2026-02-18T15:02:33+00:00
channel-719,698,Comedy,United States,20,14700000,1700000.0,100000.0,2026-02-18T15:02:33+00:00
channel-720,4340,Comedy,United States,20,14700000,0.0,0.0,2026-02-18T15:02:33+00:00
channel-721,1996,Education,United States,14,14700000,3800000.0,100000.0,2026-02-18T15:02:33+00:00
channel-722,23490,Entertainment,India,13,14700000,16700000.0,400000.0,2026-02-18T15:02:33+00:00
channel-723,80830,News & Politics,United States,20,14700000,8900000.0,100000.0,2026-02-18T15:02:33+00:00
channel-724,3978,Music,Brazil,12,14700000,2000000.0,100000.0,2026-02-18T15:02:33+00:00
channel-725,490,Entertainment,Ecuador,12,14600000,787600.0,100000.0,2026-02-18T15:02:33+00:00
channel-726,961,People & Blogs,Spain,13,14600000,2900000.0,0.0,2026-02-18T15:02:33+00:00
channel-727,1244,Gaming,United States,14,14600000,4400000.0,400000.0,2026-02-18T15:02:33+00:00
channel-728,951,People & Blogs,Brazil,11,14600000,506300.0,0.0,2026-02-18T15:02:33+00:00
channel-729,4009,Gaming,United States,14,14600000,7300000.0,200000.0,2026-02-18T15:02:33+00:00
channel-730,365,Music,United States,15,14600000,1700000.0,0.0,2026-02-18T15:02:33+00:00
channel-731,1206,Music,Brazil,12,14600000,5300000.0,100000.0,2026-02-18T15:02:33+00:00
channel-732,67,Music,United States,13,14600000,1800000.0,0.0,2026-02-18T15:02:33+00:00
channel-733,603,Howto & Style,Mexico,12,14600000,2400000.0,100000.0,2026-02-18T15:02:33+00:00
channel-734,560,Comedy,India,7,14600000,6700000.0,500000.0,2026-02-18T15:02:33+00:00
channel-735,0,Music,Brazil,13,14500000,0.0,0.0,2026-02-18T15:02:33+00:00
channel-736,479,Entertainment,United States,7,14500000,1400000.0,0.0,2026-02-18T15:02:33+00:00
channel-737,453,Entertainment,United States,9,14500000,21600.0,0.0,2026-02-18T15:02:33+00:00
channel-738,514,Unknown,India,5,14500000,1100000.0,100000.0,2026-02-18T15:02:33+00:00
channel-739,5430,Howto & Style,Brazil,9,14500000,136200.0,0.0,2026-02-18T15:02:33+00:00
channel-740,1717,Entertainment,United States,11,14500000,475700.0,0.0,2026-02-18T15:02:33+00:00
channel-741,18972,News & Politics,United Kingdom,20,14500000,3200000.0,100000.0,2026-02-18T15:02:33+00:00
channel-742,605,Unknown,United States,8,14500000,7200000.0,400000.0,2026-02-18T15:02:33+00:00
channel-743,618,People & Blogs,South Korea,10,14500000,238100.0,0.0,2026-02-18T15:02:33+00:00
channel-744,4790,Music,India,10,14500000,2300000.0,200000.0,2026-02-18T15:02:33+00:00
channel-745,19201,Entertainment,United States,19,14500000,2300000.0,0.0,2026-02-18T15:02:33+00:00
channel-746,68606,Entertainment,Thailand,15,14500000,2200000.0,100000.0,2026-02-18T15:02:33+00:00
channel-747,293516,People & Blogs,India,8,14500000,20100000.0,700000.0,2026-02-18T15:02:33+00:00
channel-748,147,Music,United States,17,14500000,4700000.0,0.0,2026-02-18T15:02:33+00:00
channel-749,176,Music,Morocco,14,14500000,1800000.0,0.0,2026-02-18T15:02:33+00:00
channel-750,39,Music,Unknown,10,14500000,2300000.0,100000.0,2026-02-18T15:02:33+00:00
channel-751,1064,Comedy,Canada,16,14500000,255800.0,0.0,2026-02-18T15:02:33+00:00
channel-752,364,Entertainment,South Korea,9,14400000,65700.0,300000.0,2026-02-18T15:02:33+00:00
channel-753,3086,Gaming,India,9,14400000,666800.0,100000.0,2026-02-18T15:02:33+00:00
channel-754,399,Entertainment,Peru,12,14400000,48100.0,0.0,2026-02-18T15:02:33+00:00
channel-755,2,Gaming,Unknown,20,14400000,0.1,1.0,2026-02-18T15:02:33+00:00
channel-756,381,Entertainment,Saudi Arabia,9,14400000,224300.0,0.0,2026-02-18T15:02:33+00:00
channel-757,222,Comedy,France,19,14400000,548000.0,0.0,2026-02-18T15:02:33+00:00
channel-758,463,Comedy,United States,16,14400000,414500.0,0.0,2026-02-18T15:02:33+00:00
channel-759,450,Music,United States,18,14400000,170700.0,10000.0,2026-02-18T15:02:33+00:00
channel-760,1838,People & Blogs,India,12,14400000,3400000.0,200000.0,2026-02-18T15:02:33+00:00
channel-761,1248,Howto & Style,United States,16,14400000,1300000.0,0.0,2026-02-18T15:02:33+00:00
channel-762,0,People & Blogs,United States,13,14400000,0.0,0.0,2026-02-18T15:02:33+00:00
channel-763,516,Unknown,United States,8,14400000,1900000.0,0.0,2026-02-18T15:02:33+00:00
channel-764,5628,Entertainment,India,6,14400000,10200000.0,200000.0,2026-02-18T15:02:33+00:00
channel-765,978,Film & Animation,Unknown,11,14400000,3000000.0,100000.0,2026-02-18T15:02:33+00:00
channel-766,186,Music,United States,17,14400000,4300000.0,0.0,2026-02-18T15:02:33+00:00
channel-767,101401,Entertainment,India,8,14400000,7200000.0,100000.0,2026-02-18T15:02:33+00:00
channel-768,576,People & Blogs,United States,12,14300000,19900.0,100000.0,2026-02-18T15:02:33+00:00
channel-769,1,Comedy,United States,15,14300000,0.0,0.0,2026-02-18T15:02:33+00:00
channel-770,1823,Music,Philippines,12,14200000,3000000.0,0.0,2026-02-18T15:02:33+00:00
channel-771,1281,Film & Animation,Brazil,12,14200000,913400.0,0.0,2026-02-18T15:02:33+00:00
channel-772,60,Entertainment,Ukraine,10,14200000,5.0,10.0,2026-02-18T15:02:33+00:00
channel-773,876,Howto & Style,Netherlands,18,14200000,1700000.0,0.0,2026-02-18T15:02:33+00:00
channel-774,342,Gaming,United Kingdom,11,14200000,2600000.0,200000.0,2026-02-18T15:02:33+00:00
channel-775,1300,Gaming,Mexico,10,14200000,2100000.0,200000.0,2026-02-18T15:02:33+00:00
channel-776,433,Education,India,12,14200000,6800000.0,300000.0,2026-02-18T15:02:33+00:00
channel-777,0,Music,Unknown,21,14200000,0.0,0.0,2026-02-18T15:02:33+00:00
channel-778,8,Pets & Animals,Unknown,20,14200000,346.0,5.0,2026-02-18T15:02:33+00:00
channel-779,872,Comedy,India,8,14200000,17700000.0,400000.0,2026-02-18T15:02:33+00:00
channel-780,132398,Entertainment,India,18,14200000,2900000.0,200000.0,2026-02-18T15:02:33+00:00
channel-781,1724,Entertainment,United States,15,14200000,619300.0,0.0,2026-02-18T15:02:33+00:00
channel-782,149,Music,India,14,14100000,1200000.0,100000.0,2026-02-18T15:02:33+00:00
channel-783,846,Entertainment,Unknown,13,14100000,333200.0,0.0,2026-02-18T15:02:33+00:00
channel-784,65,Entertainment,Unknown,9,14100000,977.0,132.0,2026-02-18T15:02:33+00:00
channel-785,3,Music,Australia,11,14100000,7.0,1.0,2026-02-18T15:02:33+00:00
channel-786,855,Autos & Vehicles,United Arab Emirates,19,14100000,17000000.0,500000.0,2026-02-18T15:02:33+00:00
channel-787,2854,Entertainment,Indonesia,10,14100000,8500000.0,400000.0,2026-02-18T15:02:33+00:00
channel-788,43,Music,United States,15,14100000,6500000.0,200000.0,2026-02-18T15:02:33+00:00
channel-789,182,Music,United States,15,14100000,4700000.0,0.0,2026-02-18T15:02:33+00:00
channel-790,777,Sports,United Kingdom,15,14100000,490600.0,0.0,2026-02-18T15:02:33+00:00
channel-791,1540,Entertainment,Thailand,20,14100000,600100.0,100000.0,2026-02-18T15:02:33+00:00
channel-792,5757,Gaming,Brazil,14,14000000,490100.0,0.0,2026-02-18T15:02:33+00:00
channel-793,431,Howto & Style,Sweden,12,14000000,658000.0,0.0,2026-02-18T15:02:33+00:00
channel-794,651,People & Blogs,Mexico,12,14000000,1300000.0,100000.0,2026-02-18T15:02:33+00:00
channel-795,2210,Gaming,Russia,13,14000000,7200000.0,200000.0,2026-02-18T15:02:33+00:00
channel-796,294,Music,Spain,14,14000000,9700000.0,100000.0,2026-02-18T15:02:33+00:00
channel-797,62,Music,Mexico,15,14000000,3400000.0,0.0,2026-02-18T15:02:33+00:00
channel-798,41117,People & Blogs,United States,12,14000000,65500000.0,1100000.0,2026-02-18T15:02:33+00:00
channel-799,9652,People & Blogs,India,11,14000000,6400000.0,100000.0,2026-02-18T15:02:33+00:00
channel-800,3,Entertainment,India,19,14000000,0.34,0.0,2026-02-18T15:02:33+00:00
channel-801,1307,Entertainment,Brazil,11,14000000,3300000.0,100000.0,2026-02-18T15:02:33+00:00
channel-802,5494,Gaming,Brazil,14,13900000,5100000.0,100000.0,2026-02-18T15:02:33+00:00
channel-803,2254,Entertainment,Jordan,14,13900000,4200000.0,100000.0,2026-02-18T15:02:33+00:00
channel-804,183,Film & Animation,United States,17,13900000,220700.0,0.0,2026-02-18T15:02:33+00:00
channel-805,324,People & Blogs,Unknown,6,13900000,11100000.0,300000.0,2026-02-18T15:02:33+00:00
channel-806,15075,Entertainment,India,15,13900000,1600000.0,100000.0,2026-02-18T15:02:33+00:00
channel-807,503,Entertainment,United States,8,13900000,1300000.0,0.0,2026-02-18T15:02:33+00:00
channel-808,6,News & Politics,Bangladesh,5,13900000,0.05,0.0,2026-02-18T15:02:33+00:00
channel-809,1660,Music,United States,20,13900000,4700000.0,100000.0,2026-02-18T15:02:33+00:00
channel-810,504,Unknown,United States,8,13900000,5500000.0,200000.0,2026-02-18T15:02:33+00:00
channel-811,369,Education,United States,16,13900000,2100000.0,200000.0,2026-02-18T15:02:33+00:00
channel-812,288,Howto & Style,Unknown,16,13900000,6900000.0,300000.0,2026-02-18T15:02:33+00:00
channel-813,173,Entertainment,United States,11,13800000,4800000.0,300000.0,2026-02-18T15:02:33+00:00
channel-814,887,Science & Technology,Canada,20,13800000,4000000.0,100000.0,2026-02-18T15:02:33+00:00
channel-815,16,People & Blogs,Unknown,9,13800000,649600.0,100000.0,2026-02-18T15:02:33+00:00
channel-816,1952,Gaming,Netherlands,9,13800000,2600000.0,200000.0,2026-02-18T15:02:33+00:00
channel-817,520,People & Blogs,Mexico,7,13800000,1300000.0,100000.0,2026-02-18T15:02:33+00:00
channel-818,190093,News & Politics,Pakistan,19,13800000,4800000.0,100000.0,2026-02-18T15:02:33+00:00
channel-819,1505,Shows,India,12,13800000,3800000.0,100000.0,2026-02-18T15:02:33+00:00
channel-820,4978,Music,India,17,13800000,10400000.0,200000.0,2026-02-18T15:02:33+00:00
channel-821,696,Comedy,Brazil,11,13700000,4200000.0,200000.0,2026-02-18T15:02:33+00:00
channel-822,975,Entertainment,India,13,13700000,1800000.0,100000.0,2026-02-18T15:02:33+00:00
channel-823,3298,Entertainment,Brazil,18,13700000,357000.0,0.0,2026-02-18T15:02:33+00:00
channel-824,1040,Comedy,India,5,13700000,18200000.0,600000.0,2026-02-18T15:02:33+00:00
channel-825,2158,Howto & Style,India,17,13700000,1100000.0,100000.0,2026-02-18T15:02:33+00:00
channel-826,340,People & Blogs,India,12,13700000,1300000.0,0.0,2026-02-18T15:02:33+00:00
channel-827,863,Comedy,Vietnam,12,13700000,1700000.0,0.0,2026-02-18T15:02:33+00:00
channel-828,438,Music,Brazil,17,13700000,3100000.0,0.0,2026-02-18T15:02:33+00:00
channel-829,495,Education,India,15,13700000,1100000.0,100000.0,2026-02-18T15:02:33+00:00
channel-830,1,Gaming,Unknown,6,13700000,0.24,0.0,2026-02-18T15:02:33+00:00
channel-831,368,Gaming,Spain,12,13600000,2300000.0,200000.0,2026-02-18T15:02:33+00:00
channel-832,273,Unknown,Philippines,9,13600000,580200.0,100000.0,2026-02-18T15:02:33+00:00
channel-833,412,Sports,United States,15,13600000,1500000.0,100000.0,2026-02-18T15:02:33+00:00
channel-834,199,Music,United States,19,13600000,733300.0,100000.0,2026-02-18T15:02:33+00:00
channel-835,1097,Education,India,10,13600000,516700.0,100000.0,2026-02-18T15:02:33+00:00
channel-836,16047,Pets & Animals,United Kingdom,21,13600000,2100000.0,100000.0,2026-02-18T15:02:33+00:00
channel-837,8335,Entertainment,United States,13,13600000,2700000.0,0.0,2026-02-18T15:02:33+00:00
channel-838,319,Gaming,Indonesia,7,13500000,644900.0,0.0,2026-02-18T15:02:33+00:00
channel-839,4312,Gaming,Canada,18,13500000,1600000.0,0.0,2026-02-18T15:02:33+00:00
channel-840,591,Howto & Style,India,14,13500000,1400000.0,0.0,2026-02-18T15:02:33+00:00
channel-841,19,Entertainment,United Kingdom,11,13500000,78.0,130.0,2026-02-18T15:02:33+00:00
channel-842,814,Music,United Kingdom,20,13500000,1700000.0,100000.0,2026-02-18T15:02:33+00:00
channel-843,1403,Entertainment,Ukraine,10,13500000,3600000.0,100000.0,2026-02-18T15:02:33+00:00
channel-844,1793,Entertainment,India,11,13500000,8600000.0,400000.0,2026-02-18T15:02:33+00:00
channel-845,975,Comedy,United Kingdom,13,13500000,23800000.0,400000.0,2026-02-18T15:02:33+00:00
channel-846,1357,Entertainment,India,7,13500000,5300000.0,300000.0,2026-02-18T15:02:33+00:00
channel-847,321,Music,United States,20,13500000,517800.0,0.0,2026-02-18T15:02:33+00:00
channel-848,462,Howto & Style,United States,16,13500000,64100.0,100000.0,2026-02-18T15:02:33+00:00
channel-849,477,Unknown,United States,8,13400000,4400000.0,200000.0,2026-02-18T15:02:33+00:00
channel-850,7356,Music,Colombia,19,13400000,11000000.0,100000.0,2026-02-18T15:02:33+00:00
channel-851,1028,People & Blogs,India,10,13400000,50100.0,0.0,2026-02-18T15:02:33+00:00
channel-852,256,Unknown,India,4,13400000,972700.0,300000.0,2026-02-18T15:02:33+00:00
channel-853,0,Entertainment,India,9,13400000,0.0,0.0,2026-02-18T15:02:33+00:00
channel-854,1349,Howto & Style,United States,20,13400000,695900.0,0.0,2026-02-18T15:02:33+00:00
channel-855,1195,Comedy,Thailand,12,13400000,2000000.0,0.0,2026-02-18T15:02:33+00:00
channel-856,3727,Gaming,United States,19,13400000,805700.0,0.0,2026-02-18T15:02:33+00:00
channel-857,296272,News & Politics,Philippines,19,13400000,5500000.0,100000.0,2026-02-18T15:02:33+00:00
channel-858,319,People & Blogs,United States,12,13400000,19100000.0,500000.0,2026-02-18T15:02:33+00:00
channel-859,96,People & Blogs,United States,20,13400000,0.14,1.0,2026-02-18T15:02:33+00:00
channel-860,3640,Science & Technology,India,15,13300000,2100000.0,100000.0,2026-02-18T15:02:33+00:00
channel-861,8195,Gaming,United States,20,13300000,753300.0,0.0,2026-02-18T15:02:33+00:00
channel-862,331,Entertainment,United States,19,13300000,92600.0,0.0,2026-02-18T15:02:33+00:00
channel-863,3,People & Blogs,Unknown,19,13300000,0.1,1.0,2026-02-18T15:02:33+00:00
channel-864,698,Entertainment,United States,19,13300000,203200.0,0.0,2026-02-18T15:02:33+00:00
channel-865,3166,Entertainment,United States,18,13300000,2200000.0,100000.0,2026-02-18T15:02:33+00:00
channel-866,608,People & Blogs,Russia,11,13300000,4300000.0,100000.0,2026-02-18T15:02:33+00:00
channel-867,2742,People & Blogs,United States,15,13300000,7800000.0,100000.0,2026-02-18T15:02:33+00:00
channel-868,2411,Entertainment,Ukraine,12,13300000,0.0,0.0,2026-02-18T15:02:33+00:00
channel-869,4613,Gaming,United States,19,13300000,9100000.0,200000.0,2026-02-18T15:02:33+00:00
channel-870,6916,Comedy,United States,19,13300000,838500.0,100000.0,2026-02-18T15:02:33+00:00
channel-871,1489,Howto & Style,India,12,13300000,2100000.0,0.0,2026-02-18T15:02:33+00:00
channel-872,1640,Gaming,Saudi Arabia,13,13300000,3400000.0,200000.0,2026-02-18T15:02:33+00:00
channel-873,1749,Gaming,Canada,11,13300000,258600.0,100000.0,2026-02-18T15:02:33+00:00
channel-874,538,Entertainment,United States,5,13200000,15300000.0,500000.0,2026-02-18T15:02:33+00:00
channel-875,192,Entertainment,Russia,7,13200000,420900.0,200000.0,2026-02-18T15:02:33+00:00
channel-876,172,Gaming,Finland,9,13200000,977700.0,0.0,2026-02-18T15:02:33+00:00
channel-877,0,Entertainment,Unknown,19,13200000,0.0,0.0,2026-02-18T15:02:33+00:00
channel-878,8019,Entertainment,India,16,13200000,1200000.0,0.0,2026-02-18T15:02:33+00:00
channel-879,1324,Unknown,Indonesia,13,13200000,12700000.0,800000.0,2026-02-18T15:02:33+00:00
channel-880,413,Entertainment,Brazil,8,13200000,3100000.0,100000.0,2026-02-18T15:02:33+00:00
channel-881,4279,Education,United States,15,13200000,2500000.0,100000.0,2026-02-18T15:02:33+00:00
channel-882,237,Music,Colombia,16,13200000,4100000.0,0.0,2026-02-18T15:02:33+00:00
channel-883,6888,People & Blogs,United States,15,13200000,5700000.0,300000.0,2026-02-18T15:02:33+00:00
channel-884,1022,Science & Technology,India,11,13200000,888900.0,100000.0,2026-02-18T15:02:33+00:00
channel-885,393,People & Blogs,India,9,13200000,551500.0,0.0,2026-02-18T15:02:33+00:00
channel-886,33,Entertainment,United States,4,13100000,12.0,1.0,2026-02-18T15:02:33+00:00
channel-887,287,People & Blogs,Philippines,9,13100000,520700.0,0.0,2026-02-18T15:02:33+00:00
channel-888,289,Unknown,United States,10,13100000,2700000.0,100000.0,2026-02-18T15:02:33+00:00
channel-889,1327,Entertainment,Unknown,16,13100000,15800000.0,700000.0,2026-02-18T15:02:33+00:00
channel-890,1262,Music,India,16,13100000,1700000.0,100000.0,2026-02-18T15:02:33+00:00
channel-891,7,People & Blogs,Unknown,7,13100000,0.1,0.0,2026-02-18T15:02:33+00:00
channel-892,1077,People & Blogs,Brazil,11,13100000,2100000.0,100000.0,2026-02-18T15:02:33+00:00
channel-893,1365,Film & Animation,Brazil,12,13100000,1300000.0,100000.0,2026-02-18T15:02:33+00:00
channel-894,435,People & Blogs,United States,9,13100000,2900000.0,100000.0,2026-02-18T15:02:33+00:00
channel-895,73,Music,Brazil,13,13100000,2300000.0,0.0,2026-02-18T15:02:33+00:00
channel-896,1444,People & Blogs,Ecuador,10,13100000,3000000.0,300000.0,2026-02-18T15:02:33+00:00
channel-897,36760,Entertainment,Brazil,15,13100000,844200.0,0.0,2026-02-18T15:02:33+00:00
channel-898,194,Music,United States,17,13100000,2400000.0,0.0,2026-02-18T15:02:33+00:00
channel-899,12,Music,Samoa,20,13100000,18.0,3.0,2026-02-18T15:02:33+00:00
channel-900,838,Entertainment,Italy,15,13000000,1400000.0,100000.0,2026-02-18T15:02:33+00:00
channel-901,625,Comedy,Brazil,17,13000000,146500.0,0.0,2026-02-18T15:02:33+00:00
channel-902,29,Entertainment,Indonesia,10,13000000,0.0,300000.0,2026-02-18T15:02:33+00:00
channel-903,409,Music,France,11,13000000,1500000.0,100000.0,2026-02-18T15:02:33+00:00
channel-904,8,Entertainment,India,5,13000000,0.1,0.0,2026-02-18T15:02:33+00:00
channel-905,510,Gaming,South Korea,6,13000000,51900000.0,1000000.0,2026-02-18T15:02:33+00:00
channel-906,716,Entertainment,United States,19,13000000,2000000.0,0.0,2026-02-18T15:02:33+00:00
channel-907,22,Unknown,Pakistan,5,13000000,28.0,8.0,2026-02-18T15:02:33+00:00
channel-908,1299,Entertainment,Mexico,9,13000000,17700000.0,600000.0,2026-02-18T15:02:33+00:00
channel-909,521,Music,Brazil,14,13000000,1400000.0,0.0,2026-02-18T15:02:33+00:00
channel-910,612,Comedy,United States,14,13000000,0.0,0.0,2026-02-18T15:02:33+00:00
channel-911,4712,People & Blogs,Brazil,13,12900000,1500000.0,100000.0,2026-02-18T15:02:33+00:00
channel-912,69,Entertainment,Brazil,11,12900000,7100.0,0.0,2026-02-18T15:02:33+00:00
channel-913,1572,Sports,Spain,16,12900000,575700.0,100000.0,2026-02-18T15:02:33+00:00
channel-914,193,Entertainment,South Korea,10,12900000,192100.0,0.0,2026-02-18T15:02:33+00:00
channel-915,1598,Entertainment,United States,12,12900000,1400000.0,100000.0,2026-02-18T15:02:33+00:00
channel-916,39,Music,United States,21,12900000,4400000.0,100000.0,2026-02-18T15:02:33+00:00
channel-917,169304,People & Blogs,United Arab Emirates,20,12900000,3900000.0,100000.0,2026-02-18T15:02:33+00:00
channel-918,168,Music,Unknown,12,12900000,9900000.0,100000.0,2026-02-18T15:02:33+00:00
channel-919,137,Music,United States,17,12900000,3600000.0,100000.0,2026-02-18T15:02:33+00:00
channel-920,1255,Shows,Ukraine,12,12900000,3400000.0,200000.0,2026-02-18T15:02:33+00:00
channel-921,2337,Education,Indonesia,10,12900000,40200.0,0.0,2026-02-18T15:02:33+00:00
channel-922,233,Entertainment,United Kingdom,12,12800000,1300000.0,0.0,2026-02-18T15:02:33+00:00
channel-923,1727,Comedy,Iraq,10,12800000,1700000.0,0.0,2026-02-18T15:02:33+00:00
channel-924,323,Music,Spain,13,12800000,2600000.0,100000.0,2026-02-18T15:02:33+00:00
channel-925,2385,Howto & Style,Unknown,11,12800000,829000.0,0.0,2026-02-18T15:02:33+00:00
channel-926,3483,Entertainment,Canada,16,12800000,869600.0,0.0,2026-02-18T15:02:33+00:00
channel-927,681,Comedy,United States,11,12800000,11000000.0,200000.0,2026-02-18T15:02:33+00:00
channel-928,2044,Education,India,6,12800000,10300000.0,300000.0,2026-02-18T15:02:33+00:00
channel-929,168,Music,United States,17,12800000,4300000.0,0.0,2026-02-18T15:02:33+00:00
channel-930,782,Unknown,India,6,12700000,2500000.0,500000.0,2026-02-18T15:02:33+00:00
channel-931,50,Entertainment,Unknown,10,12700000,0.0,8.0,2026-02-18T15:02:33+00:00
channel-932,2483,Comedy,Mexico,19,12700000,3700000.0,100000.0,2026-02-18T15:02:33+00:00
channel-933,594,Music,Spain,13,12700000,484000.0,0.0,2026-02-18T15:02:33+00:00
channel-934,534,Unknown,United States,7,12700000,2200000.0,100000.0,2026-02-18T15:02:33+00:00
channel-935,1,Music,Unknown,14,12700000,0.05,0.0,2026-02-18T15:02:33+00:00
channel-936,119,Music,United States,6,12700000,22700.0,1000.0,2026-02-18T15:02:33+00:00
channel-937,142,Entertainment,United States,11,12700000,8200000.0,100000.0,2026-02-18T15:02:33+00:00
channel-938,812,Howto & Style,United States,9,12700000,2100000.0,100000.0,2026-02-18T15:02:33+00:00
channel-939,846,Entertainment,Unknown,13,12700000,333200.0,0.0,2026-02-18T15:02:33+00:00
channel-940,504,Gaming,Brazil,11,12700000,173700.0,0.0,2026-02-18T15:02:33+00:00
channel-941,600,Unknown,United States,7,12700000,773600.0,0.0,2026-02-18T15:02:33+00:00
channel-942,252,People & Blogs,Colombia,11,12700000,15700000.0,1500000.0,2026-02-18T15:02:33+00:00
channel-943,825,Gaming,United Kingdom,12,12600000,2800000.0,100000.0,2026-02-18T15:02:33+00:00
channel-944,1101,People & Blogs,United States,16,12600000,285700.0,100000.0,2026-02-18T15:02:33+00:00
channel-945,683,People & Blogs,South Korea,14,12600000,5400000.0,300000.0,2026-02-18T15:02:33+00:00
channel-946,99,Music,United States,16,12600000,1700000.0,0.0,2026-02-18T15:02:33+00:00
channel-947,218,Music,United Kingdom,19,12600000,1800000.0,0.0,2026-02-18T15:02:33+00:00
channel-948,385,Entertainment,United Kingdom,20,12500000,407200.0,0.0,2026-02-18T15:02:33+00:00
channel-949,601,Entertainment,United States,13,12500000,736300.0,0.0,2026-02-18T15:02:33+00:00
channel-950,61,Unknown,United States,7,12500000,0.0,0.0,2026-02-18T15:02:33+00:00
channel-951,0,People & Blogs,Unknown,20,12500000,0.0,0.0,2026-02-18T15:02:33+00:00
channel-952,1810,Howto & Style,India,10,12500000,66900.0,0.0,2026-02-18T15:02:33+00:00
channel-953,1109,Gaming,Mexico,12,12500000,425700.0,0.0,2026-02-18T15:02:33+00:00
channel-954,1459,Education,Spain,12,12500000,783300.0,0.0,2026-02-18T15:02:33+00:00
channel-955,1076,Howto & Style,United States,12,12500000,5300000.0,200000.0,2026-02-18T15:02:33+00:00
channel-956,766,Travel & Events,Mexico,11,12500000,1500000.0,0.0,2026-02-18T15:02:33+00:00
channel-957,322,Unknown,United States,4,12500000,0.0,500000.0,2026-02-18T15:02:33+00:00
channel-958,2738,Howto & Style,Unknown,11,12500000,648100.0,0.0,2026-02-18T15:02:33+00:00
channel-959,1888,Entertainment,Brazil,15,12500000,343600.0,0.0,2026-02-18T15:02:33+00:00
channel-960,151136,Entertainment,India,20,12500000,2800000.0,100000.0,2026-02-18T15:02:33+00:00
channel-961,377,Music,Mexico,18,12500000,5600000.0,100000.0,2026-02-18T15:02:33+00:00
channel-962,1699,Entertainment,India,9,12500000,11300000.0,400000.0,2026-02-18T15:02:33+00:00
channel-963,102699,Entertainment,India,18,12500000,16800000.0,200000.0,2026-02-18T15:02:33+00:00
channel-964,11907,Entertainment,India,11,12500000,8600000.0,100000.0,2026-02-18T15:02:33+00:00
channel-965,253,Music,Brazil,15,12500000,10300000.0,100000.0,2026-02-18T15:02:33+00:00
channel-966,19899,Music,India,15,12500000,531800.0,0.0,2026-02-18T15:02:33+00:00
channel-967,8,People & Blogs,Unknown,6,12500000,0.05,0.0,2026-02-18T15:02:33+00:00
channel-968,117,Comedy,India,8,12500000,630800.0,0.0,2026-02-18T15:02:33+00:00
channel-969,223,Science & Technology,Pakistan,4,12500000,419.0,32.0,2026-02-18T15:02:33+00:00
channel-970,398,Comedy,United States,7,12400000,43400000.0,1200000.0,2026-02-18T15:02:33+00:00
channel-971,218,Unknown,India,14,12400000,13100000.0,600000.0,2026-02-18T15:02:33+00:00
channel-972,689,People & Blogs,Unknown,9,12400000,1000000.0,0.0,2026-02-18T15:02:33+00:00
channel-973,690,Gaming,United States,20,12400000,1300.0,0.0,2026-02-18T15:02:33+00:00
channel-974,226,People & Blogs,Mexico,12,12400000,493300.0,0.0,2026-02-18T15:02:33+00:00
channel-975,9,Comedy,Brazil,16,12400000,0.0,0.0,2026-02-18T15:02:33+00:00
channel-976,409,Entertainment,Indonesia,14,12400000,38700.0,0.0,2026-02-18T15:02:33+00:00
channel-977,1024,Gaming,Spain,14,12400000,1200000.0,100000.0,2026-02-18T15:02:33+00:00
channel-978,813,Entertainment,Canada,11,12400000,460600.0,0.0,2026-02-18T15:02:33+00:00
channel-979,12419,Gaming,Spain,14,12400000,4000000.0,100000.0,2026-02-18T15:02:33+00:00
channel-980,1212,Film & Animation,India,14,12400000,4600000.0,100000.0,2026-02-18T15:02:33+00:00
channel-981,459,People & Blogs,India,8,12400000,1800000.0,0.0,2026-02-18T15:02:33+00:00
channel-982,4422,Music,United Kingdom,19,12400000,1700000.0,0.0,2026-02-18T15:02:33+00:00
channel-983,0,Comedy,United States,10,12400000,0.0,100.0,2026-02-18T15:02:33+00:00
channel-984,729,Howto & Style,India,10,12400000,1500000.0,100000.0,2026-02-18T15:02:33+00:00
channel-985,0,Education,Unknown,20,12400000,0.0,0.0,2026-02-18T15:02:33+00:00
channel-986,1,People & Blogs,Unknown,20,12400000,0.1,0.0,2026-02-18T15:02:33+00:00
channel-987,205,Music,United States,21,12400000,2400000.0,0.0,2026-02-18T15:02:33+00:00
channel-988,1340,Education,United States,10,12400000,8500000.0,400000.0,2026-02-18T15:02:33+00:00
channel-989,99,Music,United States,14,12400000,2400000.0,100000.0,2026-02-18T15:02:33+00:00
channel-990,1200,Sports,Brazil,9,12300000,26500000.0,700000.0,2026-02-18T15:02:33+00:00
channel-991,1500,People & Blogs,India,8,12300000,3100000.0,300000.0,2026-02-18T15:02:33+00:00
channel-992,2452,Unknown,United Kingdom,20,12300000,3200.0,1000.0,2026-02-18T15:02:33+00:00
channel-993,39,Gaming,Sweden,14,12300000,185800.0,100000.0,2026-02-18T15:02:33+00:00
channel-994,62,Comedy,India,9,12300000,1200000.0,100000.0,2026-02-18T15:02:33+00:00
